y,x01,x02,x03,x04,x05,x06,x07,x08,x09,x10,x11,x12,x13,x14,x15,x16,x17,x18,x19,x20
0.30536,-0.64901,0.1518,-0.25125,-0.8563,-1.0799,1.045,-1.7564,-0.89462,0.181,0.41022,-1.3628,-0.6951,-0.58217,2.5984,-1.1666,-2.5158,-3.3328,4.6298,-0.56889,-2.6868
1.0737,1.1812,0.81651,0.58027,1.1066,1.7666,0.47896,-0.60564,0.53313,0.5915,1.3812,1.2054,-1.4742,-0.98453,-0.39454,-1.1348,-0.04505,0.20848,-4.9266,-2.9526,4.9337
-9.543,-0.75845,0.5778,-0.85969,-0.29052,0.49016,1.5929,-0.64769,0.12142,-0.037412,1.7051,1.6905,0.047059,-2.5331,-0.11185,-0.99526,3.2446,2.4029,0.73132,1.3219,1.562
-4.1523,-1.1096,1.0639,-0.24169,1.469,0.58245,-0.19919,-0.69906,1.4145,-1.2788,-1.4654,1.5819,1.6566,-1.2541,-1.0735,0.0044337,3.5397,-0.37526,0.72431,1.3684,-2.7933
0.65943,-0.84555,-0.80324,-0.23538,-0.86565,-0.55039,-2.0137,0.0056544,0.004146,-0.89726,0.80562,2.4802,-1.4007,1.8515,0.98891,0.22138,0.9583,3.6961,3.3438,1.9242,1.8614
1.55,-0.57266,0.79863,-0.51847,-1.4043,0.12724,1.8891,-0.12919,1.3618,-2.3582,0.87783,-1.1396,0.39117,-1.7342,0.94576,1.2805,-2.5983,1.6041,-1.1528,4.0747,1.8694
-4.3795,-0.55868,-0.31509,-0.94976,0.84792,0.53892,0.37551,0.64779,0.033205,0.12385,-1.1186,-1.6723,-0.044693,-1.4635,0.098657,-0.3482,-3.1351,-2.5091,-4.0896,2.8258,1.4074
-0.56581,0.17838,1.1861,0.23959,0.097521,0.1629,-0.55096,-0.5141,0.26603,-1.5608,-0.26383,1.0378,1.0354,-0.48203,-0.27878,0.47501,2.4339,-2.651,0.81687,1.2529,-4.2945
-2.3456,-0.19686,0.084939,0.55873,-0.33316,-0.66167,-1.8158,0.037624,-1.3556,-0.44931,2.48,0.10974,-1.2325,0.58399,-1.5278,2.955,-2.6279,-1.2595,-4.7515,1.0097,-2.5704
-5.4878,0.58644,-1.425,0.35034,-0.99365,-0.30935,-2.8112,-1.2978,0.17353,-0.47887,2.3309,0.08478,0.60257,0.204,0.31946,-2.3615,0.39491,2.5662,-1.382,-2.8724,3.7084
-5.389,-0.85189,-1.4541,0.27518,-1.1436,-1.9702,-0.43758,-0.6745,-0.98319,-0.36574,0.53966,-1.2206,0.9592,2.0512,-0.9262,-0.89794,2.4928,4.3794,4.8532,1.5137,2.3474
4.382,0.80032,-1.8093,-1.0817,0.66935,2.5259,-0.69773,-0.23591,0.20094,0.35465,0.2185,2.2317,2.2845,0.5708,-1.3797,-0.86977,-2.7175,3.6191,3.6878,3.145,-3.3218
1.1119,-1.5094,-1.4629,-1.5347,1.5696,2.6091,-0.074116,-1.2334,-1.3037,-0.48708,-0.32269,1.1184,0.14729,1.6235,0.83891,-1.977,-3.255,-2.3839,-3.475,4.2232,-2.0141
-2.6712,0.87587,-0.13807,0.024216,0.44797,-2.4193,0.47476,0.35227,-0.6097,1.3081,0.58495,1.135,0.60167,-0.04742,0.91967,-1.5107,-4.6026,-0.87721,2.9883,4.1665,0.62722
-0.32185,-0.24279,-1.0056,1.5714,-0.04865,0.61949,-0.068758,-0.16001,0.94638,-0.36607,0.20843,0.78624,-0.25114,0.16951,-0.41826,-0.50748,-3.5243,1.1154,3.11,0.61099,3.2645
-2.1699,0.16681,-2.7333,-2.0382,2.0596,-0.46013,-0.32095,2.8149,-1.501,1.5566,0.64311,-0.27514,1.9085,0.67596,-1.5117,-0.3505,3.5144,0.46834,4.2821,-2.4017,-2.9948
4.0504,-1.9654,1.6924,-0.2052,-0.012816,0.38008,0.89321,0.93257,-0.40859,0.35915,0.23068,2.0138,0.57572,-0.93936,0.046069,0.67876,-3.9536,-1.1073,-2.7562,-1.662,-3.9833
-5.563,-1.2701,-0.28339,-0.17902,-0.28684,-0.29842,-0.9249,-1.5056,0.76391,-1.5636,0.62483,1.3736,-2.0406,-0.76317,-0.25595,2.5575,-2.7635,-3.9858,-0.010325,4.9776,-1.1813
0.097847,1.1752,1.1221,-0.010316,-0.52138,0.32193,1.0687,0.50049,-1.7633,-1.3733,-0.95631,1.1413,-1.8746,-1.295,-0.11579,0.35644,-4.6724,2.1224,3.2744,0.25598,4.1235
0.2346,2.0292,-0.30695,-1.2444,2.7392,-0.59899,2.1634,-0.43401,-0.50774,-0.39377,-1.6774,0.18849,-0.91108,0.32439,1.5023,2.0598,1.7636,-4.1186,1.6733,3.1591,-2.3949
-5.4469,-0.27516,-0.16853,-0.70439,-0.47774,-0.71976,0.16184,0.0050805,-1.4896,0.57714,-1.0753,-1.8566,-2.0671,0.88001,-1.3323,2.1647,-2.683,3.6608,0.93936,0.97016,-3.917
-3.152,0.60366,-0.081308,-1.0943,-0.0040746,1.4881,1.1245,0.72451,2.6712,1.4008,-0.85936,-2.0209,-1.2076,-0.47035,0.26867,-0.5724,-0.86408,3.6345,1.5198,0.069304,-4.4406
-1.0892,1.7813,-0.037718,1.1291,-0.16489,1.4255,-0.71891,-0.8131,-1.2347,1.0321,-0.72866,-1.6497,-0.23848,0.024244,0.68599,-0.20262,-3.607,2.0845,-2.6148,-1.5146,-1.4833
2.5118,1.7737,2.0914,1.1184,1.2031,0.38177,0.49037,-0.235,-1.3872,0.11016,-0.64419,-1.7761,0.6025,0.9844,1.4261,0.9984,-1.2278,-0.13575,-4.7446,0.37771,-4.6237
-3.2707,-1.8651,-0.41063,-0.22527,-0.31775,-0.65111,-0.39086,-0.10615,-0.11111,0.82346,1.508,1.4736,-0.8505,1.0439,-0.059416,0.38006,-0.75563,1.9915,2.3626,-4.9327,0.83034
1.5115,-1.0511,2.9576,0.071858,-0.40617,1.3434,-0.016801,0.50003,0.3985,0.16779,0.89368,0.89171,0.072132,-0.13441,0.12286,-1.238,-0.27035,-1.0501,-1.7321,3.7669,1.7256
-7.7184,-0.41738,-1.6874,-1.3792,0.63302,0.16817,-0.47932,-0.51359,-0.51301,-0.51291,-0.90932,0.12296,1.282,0.40871,0.4426,-1.3937,-0.77158,2.975,-1.2324,0.61486,-0.39516
0.5946,1.4022,0.29026,0.029911,-0.49704,0.74056,0.96929,0.015215,-0.90417,0.52195,1.0701,0.51995,1.2137,0.1395,-1.3201,0.12303,-3.9724,2.8642,1.1262,-4.7572,2.4112
-4.9159,-1.3677,-1.4694,-0.39748,-0.72818,-0.92069,-0.32303,-0.68261,-0.46036,-0.32537,0.17996,-0.10454,0.56355,-1.1169,2.4119,-2.3882,2.7258,-3.4447,1.5717,3.1817,0.01025
6.3321,-0.29253,0.44906,1.6918,1.2496,1.476,-0.076858,0.32867,0.44644,0.3968,-0.20473,1.5554,1.2318,0.48558,-0.6341,0.70057,-3.6279,-1.8218,-2.971,-3.6465,2.0235
-0.49363,1.2708,-1.6959,0.75512,0.92506,-0.38937,0.72484,-0.28608,0.90103,1.0481,-0.57126,0.42799,-0.61942,1.5432,0.67012,0.41376,-0.75708,-1.5602,3.2603,-4.6936,-2.6936
-1.4842,0.066009,0.060461,0.52388,0.19709,0.35296,-1.4272,0.88802,-0.63649,-0.21689,-1.3825,0.3497,0.71029,-0.76378,-1.9944,-1.1884,-2.2804,-1.3583,-1.1979,-0.37665,2.4461
-4.9333,0.45129,-1.1476,-0.47437,-0.65118,0.48056,0.015673,0.55664,-0.74052,0.03433,-1.5963,2.0078,3.5848,-0.55744,-1.0189,-1.4896,-1.9899,0.66646,1.3174,4.6066,0.016372
9.1008,-0.32221,1.9939,-0.01975,0.53955,0.52409,1.7179,1.1842,0.43651,-0.42391,-1.0323,-0.40317,-0.77227,0.34568,-0.03125,-0.94112,1.7242,-4.5831,4.6641,-4.0639,2.0537
1.478,0.78841,0.92089,3.138,0.6026,-0.66452,0.6123,-1.4928,-0.5419,0.30376,0.81079,-0.93062,-0.15797,0.065568,-1.1772,0.31714,0.17787,1.5997,0.64786,-4.344,-0.53302
0.54947,0.92874,1.6227,1.5527,-0.56268,0.73155,-0.71815,-0.6364,-0.36977,1.1042,-0.53477,0.52145,-1.4816,-0.44008,0.013257,-0.86427,-3.0991,-2.9837,-1.4109,3.7994,0.059406
-5.5648,-0.49079,-0.48755,0.062457,-1.0173,0.97603,1.1815,0.1881,1.2566,-0.37762,0.74439,0.80136,-0.041445,2.2298,-1.2321,-0.52736,-0.30866,-0.83537,1.1897,3.2137,-4.5846
-0.91742,1.7972,-1.1956,0.44626,2.4542,0.22854,2.3504,-2.1231,0.4327,0.891,0.63792,0.059086,0.11982,0.48292,-0.15337,2.2664,-1.6046,-0.49107,0.017931,3.1997,-0.10691
-8.9209,0.5907,-1.4195,0.21611,-0.11274,-1.4552,1.8269,0.19812,1.6814,0.039752,0.41448,-0.14622,-1.3148,-1.114,-0.2079,0.81261,2.045,-1.5127,-0.47624,-0.32182,-3.5771
-0.98113,-0.63579,0.46822,-0.16501,1.013,-1.2159,1.3691,-0.29006,-0.52488,-1.897,-0.37072,-1.8848,0.99192,0.98226,0.25727,-0.72641,-2.739,-1.1672,2.3227,-0.72508,-3.575
-4.7545,0.60335,1.3299,-0.26118,-1.1719,-0.7461,-0.61603,-0.70989,-1.5584,-0.077535,0.92324,-0.64757,-1.0043,-1.5056,-2.0636,-1.069,3.4499,-3.1969,4.2451,-0.98932,-0.6665
-2.5013,-0.53525,2.3047,0.12839,0.55341,-1.2401,-0.41557,-1.3145,0.55288,-1.425,1.9513,-0.73834,0.77005,-0.95666,1.6242,0.44812,0.2623,-4.3187,-0.20729,0.82215,0.76215
-6.3899,-0.15508,0.85143,0.84284,-0.14287,-1.7071,0.23223,-1.7552,0.061264,0.80915,-0.52863,0.69304,0.60645,-0.34233,0.17279,2.74,0.0061957,0.51257,-4.1177,2.2897,-1.5695
1.3465,0.61212,0.52184,0.76431,-0.18708,0.51637,-0.25829,0.61799,2.3973,-1.4603,-0.44985,-0.89451,0.50411,-1.4413,0.5987,-0.37221,-2.4631,0.95867,0.69654,2.8429,-3.3951
-3.3522,-1.0443,3.2013,0.22026,-1.1311,-1.6226,-0.12792,0.70044,-0.021378,0.33895,0.7508,0.41723,2.387,-0.94702,1.0139,-2.0936,-3.1384,-3.545,-2.5505,1.548,2.4141
-2.6952,-0.34563,-0.33045,1.0406,-0.84168,-1.4768,0.80448,-0.55592,-0.41423,-1.6579,0.16765,-0.2644,0.98856,-0.26124,-0.25871,1.2275,-0.28181,-2.6906,-4.6042,0.62466,4.6309
-8.1371,-1.1714,-0.89636,-1.3248,0.41292,0.67614,-1.1624,-0.077651,-1.503,-0.60238,1.3496,-1.8968,1.1057,2.4154,0.070694,-0.068542,4.8182,-2.1362,2.8814,-0.87607,2.3364
1.9242,-0.68559,-0.99395,0.6355,0.27051,1.7483,0.7291,0.60118,0.24712,-1.7654,-1.0882,0.49453,0.35795,1.8754,1.1945,0.34174,-3.6709,3.3075,-2.2723,-1.8008,-4.2294
-2.0178,0.92622,-1.8717,-1.6774,1.1119,0.27275,0.42543,0.7822,1.2163,-0.0021917,-1.7319,1.0379,-0.048711,-1.6298,-1.2254,0.17382,-2.1654,-3.4658,2.7707,-2.1375,3.4091
-5.6435,-1.4817,1.4979,-0.31441,-2.418,2.2269,1.8033,-0.35234,1.252,0.22078,1.0152,-0.47404,-0.5894,0.84634,1.5223,0.54848,3.0064,0.52139,-0.11791,-2.0382,-4.3249
-9.5868,-0.55806,-1.6324,-0.59696,0.98498,-0.93069,1.4575,2.79,-1.5507,0.79936,-2.1669,-0.083464,-2.3319,-0.70267,-2.2772,0.75028,1.6478,0.6814,-1.8206,1.8275,-0.63688
4.5716,-0.028453,-0.85182,0.41757,0.0039243,1.9739,-0.11676,1.0385,-0.90316,-0.20835,-0.084845,-1.6976,0.2787,-0.81491,-0.54522,-0.77817,-2.2124,-1.5658,-1.8597,2.6244,4.2886
-6.9166,-1.4763,1.0774,-2.3045,-0.92415,-0.99376,1.124,-0.59037,-0.1312,0.7262,1.2822,-1.2473,-0.20205,-0.6659,0.51272,0.82603,-1.8535,-1.4938,-4.5798,0.9762,-2.3682
0.079592,0.2589,-0.4401,-0.77505,-0.43856,0.78159,-0.31757,1.6606,-0.91645,0.42293,0.87962,1.1369,-0.27542,0.16523,-1.4149,-1.5303,-0.80052,4.5911,0.344,-2.7714,-3.7205
-0.2659,-2.0187,3.328,-1.6207,-0.81073,0.97075,-1.1597,-0.099267,0.49173,2.2287,-0.18874,-0.72547,0.99621,-0.084251,0.55236,0.57286,1.0279,0.53344,3.2355,-3.056,2.6224
2.4369,0.19974,0.1038,0.42763,1.3512,0.40848,-2.5667,-1.1303,0.57621,-0.5029,-1.2018,-1.3619,0.37584,0.282,1.821,-0.73317,2.1934,1.5273,-4.161,2.6569,4.2861
0.46418,0.42586,-0.77308,0.23606,0.66382,-0.031097,-0.81112,-1.1239,-0.40838,1.3127,0.18162,0.8524,1.3903,-0.58162,-1.049,0.28232,3.573,-0.092599,-3.9144,4.7869,-1.7423
7.4606,-1.27,0.67737,-0.17907,1.176,2.1327,0.18535,-0.68618,0.99382,0.9438,1.1767,-2.8285,-0.98077,-0.55764,-0.50078,-0.78146,1.8111,1.4665,0.29256,-4.8409,-2.6754
-2.3919,-0.48522,-0.69682,-0.20645,-0.40725,-0.69137,-1.0222,-1.4681,-0.56438,0.67885,0.83173,0.40561,-0.484,0.7097,-2.2807,-0.62776,-2.6302,1.0525,1.6014,-2.511,-3.1751
7.329,0.59431,-0.075351,1.2189,0.7815,2.425,1.2561,-0.25863,0.83637,-0.056385,-1.1859,0.4654,0.2862,0.78449,-1.3807,0.29513,4.2572,-3.5483,1.9475,2.9231,4.6324
-0.70707,-0.27646,0.026019,-0.039144,0.16296,0.38208,-1.4474,2.5126,-0.54325,0.11098,0.65327,0.71763,-0.78721,-0.5836,-0.45059,-0.60383,2.812,-1.6532,-1.8678,2.1917,0.76635
5.6619,-1.8576,2.0055,0.078823,1.1387,1.5841,1.6681,0.069813,-0.71841,1.7498,1.617,-0.54769,-0.13652,1.9335,1.5169,-0.028598,-1.9262,-0.39566,-4.6222,-2.5402,3.6009
-6.5452,0.040731,-1.1296,-0.68411,-0.042322,-1.4733,1.2569,0.15695,1.3317,1.8058,-1.2561,0.082778,-0.070585,-0.1509,0.030153,0.57827,-1.9503,-3.7218,-0.85437,0.54892,-1.9166
0.85844,0.28297,0.65424,0.10821,0.44242,0.59169,-0.8357,-1.6099,1.1454,1.3147,1.3463,-1.1798,-2.5765,2.6094,-0.3424,1.6739,3.8117,-1.3693,-2.7396,0.85586,-4.4356
6.1988,0.063561,1.4192,-0.19316,0.6467,0.20936,0.7993,-2.7552,0.86278,-0.14142,-0.57901,-0.914,-1.6701,-0.92457,-0.74987,-0.90438,-3.7392,-2.7186,-4.9889,2.2138,-0.46196
-4.3387,0.43343,-0.82561,-0.18183,-0.51705,-0.035218,0.83231,-2.6545,0.5938,0.13411,0.44414,-0.6766,1.3088,-0.51792,1.1557,0.090173,1.3346,3.475,1.8572,-0.36326,-2.9289
-4.2431,0.42286,0.053107,-0.40038,0.064634,-1.1686,-0.8086,-1.2355,-0.24102,1.2805,-0.93951,0.022941,-1.9171,0.3398,0.72289,0.35856,-2.2229,-1.5853,4.5206,-0.95152,0.18984
-6.0484,1.2995,-0.85585,-0.20964,-0.30754,-1.0163,-0.20613,1.9438,2.1579,-0.55255,0.079103,0.65716,0.68521,0.175,-0.58863,0.2141,3.272,-2.7321,-1.0885,-1.9199,0.37988
3.408,-1.0498,1.7681,-0.10375,0.34772,-0.86409,1.0447,1.6934,-1.0047,-0.56685,-0.5924,0.54583,-0.15573,-0.37501,1.5686,0.86669,-1.3548,-0.91819,-1.997,-2.6169,-2.0571
-2.942,-1.7864,0.18287,1.3308,1.0058,-1.1374,-0.72371,-1.665,-1.4416,-1.5377,0.24284,-2.1044,2.5231,-0.052079,0.26103,0.62276,2.3337,1.8306,0.53752,-4.075,-1.9255
5.1051,0.81604,0.43102,-0.54198,-0.20802,1.2668,-1.791,-0.43019,0.38145,0.18539,-1.7996,-0.74468,0.88662,0.60772,-0.51825,0.6695,-3.0758,-4.3438,3.5198,1.4588,-4.7583
-12.491,-0.32821,-0.22882,0.97911,-0.59741,0.005286,-0.53554,-0.46952,-0.30763,1.0811,0.14287,-0.0089811,-0.34059,-0.45253,-0.043537,1.0795,-0.18554,-3.1927,2.9497,1.6957,-0.79598
-2.484,-1.2146,0.394,0.27554,1.6409,-1.9376,-2.0609,0.14558,0.11172,-2.2564,-2.5297,-2.0092,-0.46252,0.43028,-0.17078,0.41194,3.0359,1.9431,1.8476,1.8734,-1.7631
-0.28655,1.1118,-0.52587,1.4491,0.22708,1.5461,-0.50536,0.80696,-0.11937,0.60971,0.061723,0.73829,-0.57251,0.95227,-0.86426,-0.15415,-1.0301,2.5226,-0.67893,-4.9685,1.1949
-7.0635,-0.5075,-2.447,-0.30701,-0.37702,0.1084,-0.88332,-0.24563,-0.04623,-1.7001,0.66956,0.50348,-0.40742,2.2308,0.48551,-0.21223,-3.3843,1.1775,1.9043,-0.61747,3.5976
1.5396,0.89873,0.15525,-0.72671,0.42814,1.2718,-1.2018,-1.9871,0.32274,0.029353,1.3754,-1.2564,-0.28474,-1.0318,0.73757,-0.71409,1.4898,3.792,-2.8397,-3.7745,-0.073596
6.0359,0.37722,-0.83408,1.2789,-0.13205,0.048317,1.4741,0.29829,1.3488,-0.59845,-0.39282,2.3404,-0.29838,0.28249,-0.55906,-1.3142,2.5333,-3.312,-2.1606,0.26609,-4.1729
-2.9276,1.4524,0.078468,-2.7642,-0.88652,-0.21634,-0.47275,-2.1391,-1.3569,-0.51679,0.56503,0.087538,0.13073,0.45351,-0.15682,-1.2546,-2.1981,2.0355,2.7782,4.7974,4.3348
1.8167,0.44695,1.3127,-0.56817,-0.18067,1.3039,0.11199,0.6073,0.7529,-0.13894,0.82791,3.5312,0.89623,-0.90803,2.0081,0.56086,-0.48638,4.1726,4.2998,-0.0072299,3.0833
1.5284,0.64582,-0.13512,2.7633,-0.24024,-1.1427,0.038952,0.26514,0.86114,0.11138,0.55273,0.69072,-2.0084,-1.666,-0.63709,-1.705,4.0045,-3.4926,-3.0995,-1.2535,-1.3448
-2.2925,-0.62368,-1.41,0.060634,-0.9362,1.3113,-0.27429,-1.1357,-1.6657,0.90551,0.12397,-2.6908,1.2311,1.7775,0.77362,0.49648,3.7199,-2.5624,-2.0394,3.1384,-1.6927
-0.33702,-0.59524,-0.1627,-2.0634,1.3306,2.0516,0.59353,0.2627,0.96945,0.49507,-1.528,1.6631,1.0213,-1.0523,1.5794,0.24521,2.0719,0.46685,-4.9379,4.682,4.3793
-5.0941,1.6113,2.1098,0.03064,0.44063,-0.25656,-0.76469,-1.0504,-0.44192,-1.3664,0.33844,-0.40464,-1.2149,0.4972,0.86435,0.94974,0.90901,-1.5588,-0.68438,-2.1288,-1.2511
-4.8452,-0.349,1.4626,0.32629,0.27691,-1.1463,1.4028,-0.84133,-0.43262,-0.51464,0.67503,0.31662,-0.99711,0.16211,-1.5441,0.80517,3.1738,1.9064,-2.897,3.03,1.358
7.8036,0.16417,0.91411,0.73146,0.76075,0.87125,-1.5045,-0.56151,0.2674,-2.2879,-0.50518,0.60433,0.48692,-0.63143,-0.24857,0.59546,4.0764,-4.4243,1.4142,4.9614,4.8534
4.8251,-1.6366,1.5121,1.3549,0.13696,-1.0064,0.54703,1.4745,0.80568,0.68707,2.6435,0.99578,-1.3502,-0.68471,0.60538,-1.5749,-4.9749,-3.3924,2.0959,-3.8818,-4.6326
-2.5154,0.58137,-0.45416,-0.21532,0.54583,1.7326,-0.57773,1.7054,-0.45799,-1.7306,-0.22686,0.60354,-0.029218,1.2319,0.55043,0.025671,-1.0277,2.1624,-3.8122,0.31047,-1.8537
1.6533,-0.12891,-1.1394,0.53649,1.6676,-0.48975,-0.46582,0.26975,-0.2983,0.5492,1.9328,-2.5422,-2.5017,-0.069026,1.2248,0.79895,0.6141,4.7062,-4.1786,3.1353,-2.6876
4.0548,0.43286,-0.7055,0.57438,1.7375,-0.5834,-0.41252,-1.3525,-1.372,1.131,0.48987,-0.81213,1.8666,-0.036323,-0.46147,-0.66623,2.3392,4.2955,4.0634,-1.2371,4.2237
1.3691,-0.24511,-0.3311,-0.015417,-1.2546,1.0985,0.47479,0.047612,0.9981,0.32195,0.44399,0.76909,-1.722,0.90042,0.18749,-0.010403,-4.1253,4.0107,-1.1076,-0.54225,0.51137
-3.8248,-1.0854,-1.5208,0.059954,-1.2945,2.3646,-1.157,2.8161,0.32838,1.5768,0.24972,1.5743,-0.48294,-0.13613,-0.28465,-0.63728,-1.0025,-3.7226,0.33403,2.509,-4.4629
2.4564,1.6808,0.16528,-0.91766,-0.96499,0.17903,-0.6643,-0.93754,0.98065,-1.818,0.34853,0.42918,-0.77879,-0.14,0.71251,-0.19968,-2.2038,-3.5407,4.6324,-4.0165,2.5525
0.15972,0.17641,-0.48787,-0.52429,0.46936,1.2514,-0.56163,0.34049,0.93681,0.084116,2.0498,-0.87048,1.5104,-0.78034,-0.057028,-0.48693,-0.7649,-4.2774,2.5905,-1.3947,1.8408
-10.296,-2.0714,0.58697,-1.0504,-1.7018,-0.41915,-1.1649,1.7741,1.6926,-0.514,1.0594,-0.9272,-0.049895,-0.37403,3.1544,0.29144,-0.020214,0.4254,-1.7446,0.63706,1.6217
2.9311,0.21109,-0.90337,0.30608,-1.7837,1.7689,-0.12357,0.43576,1.3749,-0.46693,0.47834,-1.0207,-1.6366,-0.98327,1.6761,1.7723,1.6002,3.8249,-4.1415,-2.6141,4.5573
1.2261,-0.58285,0.37101,-0.05759,0.0071147,-0.56949,-1.324,-1.5064,0.58583,-1.7358,-1.2902,0.83153,-1.7716,-1.7143,-0.00072499,-1.5061,-0.037639,0.31792,0.36024,3.3995,3.746
-8.5651,0.018169,-1.2601,-0.17782,-2.0141,-0.96324,1.514,-1.3541,-0.85417,0.058331,-1.8325,-0.11604,-0.090199,-0.52604,-0.018236,-0.30406,1.2047,2.8172,-1.6387,2.6585,2.5325
12.887,1.4948,0.22289,1.4819,-0.37682,1.9307,0.84513,0.092303,-0.83367,-0.90381,-0.2502,0.78963,-0.37261,-2.3629,-0.99556,0.25887,0.8244,-3.1155,-4.7831,4.6554,-2.7733
-4.2441,-0.4248,-0.41306,0.13151,0.11562,-0.12008,0.10681,-0.33215,-1.3546,2.3941,-2.5058,-1.0285,-1.0921,-0.51275,-1.0129,-0.48732,-0.71668,3.6311,2.7115,0.22988,-3.6199
3.6721,1.6862,-1.0167,-0.052032,-0.1407,0.81251,0.26153,0.5908,0.71708,-0.28152,0.069162,1.021,-1.7834,0.89155,-0.42047,2.2054,-4.9502,-3.1258,-1.1509,-3.9348,-2.7911
-0.5426,0.36549,-0.32602,-0.55009,0.14005,0.3776,1.5877,0.13697,1.1935,-0.023685,-1.6621,-0.077834,1.6841,1.0233,-1.4681,-0.13997,-3.0548,-4.4524,0.71321,4.3662,-2.9449
-3.6882,-1.0971,0.2835,-1.734,0.13119,0.47901,0.61539,-0.47134,1.4904,0.25047,-0.15491,1.9179,-1.3601,-0.593,-0.92889,-1.2397,-1.7979,-0.78509,2.5574,3.3424,0.67965
1.5206,1.9302,-0.011569,-0.38742,-0.40737,-1.2098,0.37663,0.19995,-0.43683,-3.1334,-0.14268,-1.7184,-1.4953,-0.27291,-1.7313,0.26723,-3.5302,0.55104,4.4085,0.44418,1.6304
1.9194,0.62294,0.036267,-2.3651,0.69438,2.5437,-1.0749,-0.27905,1.3096,-0.14775,2.2144,-1.1664,-0.57859,0.38587,-0.39797,-0.79878,0.98664,4.7074,1.1232,3.363,0.27418
2.2459,0.65728,-1.0983,-0.57126,0.52641,1.2876,-0.24086,0.53095,-1.8094,0.38724,-1.6426,0.26106,-0.18284,1.1995,-1.5087,1.3837,1.115,-4.0825,-1.846,3.8169,-4.4365
-2.8577,-1.4634,0.37568,0.010069,0.34089,0.14431,0.16114,-1.2769,2.2531,1.3441,-1.1652,0.27927,0.01517,-1.9227,-0.15148,0.96655,0.0009326,-2.2608,-3.8992,2.7608,-1.3684
4.9128,0.85394,0.17005,1.2557,0.071898,1.5269,0.18424,-1.2756,0.035463,-0.15642,1.1023,-0.83177,0.46635,-0.24643,0.45272,0.92159,-1.7915,-3.9489,-4.2608,0.71254,4.6773
-2.1261,0.58049,1.1397,-0.82076,-0.43772,-1.0066,1.3251,0.042773,-0.042032,0.86292,1.106,0.1146,1.5284,-2.5417,-0.75186,-0.69515,1.5326,-1.0956,-1.8031,1.153,1.9551
-0.7745,-0.9186,1.6575,0.30546,0.41584,0.21145,-0.64476,0.95956,-0.056976,0.69084,1.1479,0.93507,-0.1594,-0.095679,2.0561,-1.5847,-3.0972,-2.1099,1.6084,3.4439,-1.3026
0.9306,0.79487,0.33825,-2.91E-05,1.6951,-0.31653,0.55596,0.78864,0.17065,-1.5575,-0.96763,-1.6392,1.9341,1.9133,-0.85992,0.24402,-4.9412,0.133,1.9515,1.2222,1.7163
-2.2113,0.51754,-1.819,-2.2438,0.36712,0.30473,-0.97658,-1.0372,0.22759,-0.65404,0.62521,1.5562,-1.3096,-2.1999,-1.5286,0.63243,2.3494,-1.5174,-2.9228,-2.9352,-2.3489
8.2108,0.49461,-0.80227,-1.8633,1.5988,-0.78956,-0.39808,-0.37325,0.6064,-0.93129,0.045037,0.12633,-0.38896,-0.17013,0.63393,-0.33265,-0.56496,4.2823,-4.172,1.9149,-4.2252
-4.2256,0.66393,-0.57442,-0.19561,-0.20783,1.3909,2.113,-0.24599,1.3214,0.25281,-0.74046,-1.1963,-0.26332,-1.3061,-1.2528,-0.45418,1.9784,2.8995,-1.9449,0.32014,0.28067
0.10827,-0.71017,-0.23426,1.2257,0.48846,-1.2978,-0.58833,-0.18404,0.82431,0.19036,0.20824,0.60442,0.72186,-0.79756,-0.21076,-0.12929,-3.1496,3.6101,0.47575,-2.3675,-2.1023
-5.2149,-1.3068,-0.3052,-0.60355,-0.84155,-1.154,-0.6093,1.0663,-0.81253,0.64093,2.2935,2.0295,1.5185,-0.25273,0.27003,-0.71142,-4.3738,-3.705,2.5467,-4.9921,-0.18348
-6.1902,-0.74159,1.6394,0.6782,0.25808,-1.4143,-0.19428,1.3275,0.94384,-1.6442,-0.81266,2.8952,0.71433,-0.54015,2.2153,0.4966,-1.2189,0.7507,0.29657,-2.645,4.0199
-10.046,-1.4677,-1.8972,-0.72632,0.034554,-0.47154,-1.3141,-0.72476,-1.3518,-0.41066,0.62958,2.3782,-1.2856,1.299,1.2443,-0.53322,1.96,-2.8522,-2.1302,1.7357,1.5174
-4.3248,-0.39167,1.3185,-1.0727,-3.0507,-0.27075,-0.52483,-0.61803,0.71402,-0.22448,-0.88767,-0.26144,0.33559,0.15402,-0.094731,0.57559,-3.9718,3.6824,1.2418,3.7832,2.2332
3.7555,0.84166,0.53236,-1.3025,0.05527,1.7716,0.51834,-0.50691,0.38841,0.2552,-0.64142,-1.5974,0.042298,-0.13949,0.56477,-0.22125,-3.0417,-4.8498,-2.3516,3.307,-3.9741
-6.1068,0.082784,0.6016,-0.22962,1.0424,-0.76187,0.24527,-1.1567,1.6591,0.019295,1.9612,1.6598,0.64011,1.0324,0.81116,-0.7121,-0.46047,-3.9426,1.5269,-3.9189,-0.20342
-2.3849,0.31467,0.46719,-0.65665,-1.4335,0.46314,2.2021,1.0832,0.10301,0.7255,-1.4974,-0.71426,-0.73813,-2.6252,-0.76108,0.41064,1.2115,-1.2394,3.419,-4.2888,-0.95658
1.8936,0.78981,0.20818,0.38152,0.20737,0.043234,0.11652,-0.48704,-0.082091,-1.0107,0.85482,1.6333,-0.49976,0.93434,0.85728,-2.0801,2.5012,-0.97906,1.3895,2.6159,1.4686
-3.3834,-0.80122,-0.057599,-1.4488,0.84344,-0.2723,0.19069,0.44466,-0.33027,0.12409,-0.40796,1.5029,-1.6574,-0.56716,0.71448,-0.67281,-3.9026,-2.2278,0.65631,-2.1517,-2.1226
-6.1174,-0.32565,-3.0652,-0.97811,0.62328,-0.6661,0.7413,1.0483,1.181,0.62614,-0.28323,-0.77575,-0.10254,0.013568,0.30242,-0.87281,1.2462,-4.0394,-1.9286,-2.282,-1.1694
-6.4491,0.28468,-0.61249,-1.2244,0.66586,-0.83533,-1.5011,-0.089721,2.0764,-0.12547,-1.0719,1.2853,0.89844,-0.7451,-0.3504,0.83947,-1.1264,-3.8127,3.7678,-4.98,4.8102
-0.27791,1.3096,-0.016162,-1.0771,-1.7471,-1.3638,1.1297,1.2545,0.13162,0.09097,-1.006,0.43384,-0.93771,0.86211,-0.67724,-0.48215,1.7009,-1.8206,4.8882,-4.0146,-3.8519
3.4944,0.16037,0.7769,0.62358,-0.69142,0.39923,-1.1506,-0.24892,0.58473,1.7026,-0.50567,1.0475,0.71729,0.041609,-0.34978,-0.09384,-2.9644,4.5079,2.7748,-3.644,-3.0009
-6.8936,-2.1182,-0.090006,-0.4579,1.0214,0.1033,-0.25378,1.5668,-1.0646,0.39489,0.82046,0.84417,0.40217,-0.26725,-1.3563,1.2809,0.27919,-2.9259,0.73644,-3.4064,-2.6095
5.5169,0.70708,-0.14879,-0.56176,1.3616,-0.14087,-0.70078,0.98445,0.059973,-0.5455,0.91299,-0.90251,-0.93035,-0.9446,-0.62518,1.5722,-3.2784,2.4728,-3.5872,-0.54686,1.9665
0.87817,-1.0434,-0.88777,0.13621,0.28082,0.80489,0.12324,1.3489,-0.35071,-0.29542,0.86752,-0.24433,-0.063001,0.55731,2.0821,0.85359,-4.8132,-2.4181,-1.8507,3.1414,2.1369
3.2742,1.0682,-0.77609,1.0215,1.3743,-0.7028,0.14265,-0.31052,1.1199,0.50973,-1.0975,1.2046,-1.0516,-0.24338,-0.08278,0.54959,-0.1305,-4.6276,-1.3314,3.123,2.8475
6.4034,-0.31723,0.62923,1.9361,1.4011,1.6409,-0.55868,0.66019,-0.64207,-1.0763,-0.37004,0.38309,-0.48189,0.89373,-1.042,-1.0434,-3.1582,-4.8395,-2.081,4.0999,-1.1896
-0.29129,1.4797,-1.3158,1.5614,1.8977,0.54412,1.7294,1.8042,0.53784,0.48833,2.3916,1.4444,1.3623,0.3562,1.4835,1.0958,1.3834,-3.4729,-0.54047,-0.56408,3.524
3.2546,0.69909,0.89874,1.359,2.2169,0.81714,0.86001,0.69687,1.2168,-1.2969,0.21155,-0.13824,-1.5762,-2.7254,-0.93699,-1.7412,0.36575,-0.37916,1.1063,2.0871,1.9735
-10.683,0.1591,-0.82513,-1.8648,-2.6485,-0.49318,0.32172,2.3853,-1.0891,-1.4048,0.12676,0.1845,-2.1471,-1.0496,0.48223,0.7404,2.7495,2.559,-2.8709,-0.11666,2.1326
-3.3828,-0.94548,-0.5755,-1.7171,-1.2123,-0.44324,-0.19425,0.67832,1.7237,0.87298,-0.5593,-1.1632,1.3154,0.76473,-1.2528,-0.51974,-1.0704,2.2881,-2.5024,-4.5016,3.2199
2.0771,-0.79301,0.025326,-0.061872,-0.78022,-0.11235,0.28586,-0.9594,-1.6316,-1.8815,0.63714,-0.65009,-1.0042,-0.15776,-0.94469,-1.2451,4.8945,-1.4761,-3.8785,-4.1957,1.2892
-3.6251,-2.0492,0.56257,-0.70529,0.98407,1.5731,-0.22928,-0.13104,0.51793,0.86274,-0.00058874,-1.416,0.49867,0.3992,-0.28285,-0.27599,0.15215,-0.20861,-1.9241,-2.5406,-0.77772
-6.0242,-2.3588,-0.1721,1.1074,-0.83887,0.90091,-0.2282,-1.8874,-1.1949,0.98354,-0.14844,1.2341,-0.63575,0.25629,-0.6962,0.30316,-0.21177,3.1407,-0.025517,4.8162,-4.692
-6.6272,-1.6593,-0.64815,-0.044768,0.91642,-0.043938,0.048403,1.1851,0.073377,-1.1816,0.08803,-1.4252,-1.7209,1.6114,0.36303,1.208,2.4944,3.384,-0.10192,1.9192,0.95456
0.096781,-0.95812,-0.15314,0.11854,0.99272,0.33622,-0.84229,-0.88339,-1.1996,0.25546,-1.4845,1.8955,-0.72352,0.25227,-1.8595,-1.4503,0.72688,-1.8008,4.9558,-2.3199,0.63764
-0.28014,0.22573,0.017124,0.87822,-0.029265,1.1274,-1.7554,0.70732,0.57931,0.55533,0.25131,0.76485,0.57376,1.8196,-0.088162,-0.024008,-1.3753,-4.9573,4.8111,2.0626,1.0081
-2.985,0.21767,0.82781,-0.079947,-0.35839,1.4977,0.049681,-0.48802,0.32974,0.71458,-0.903,0.46592,2.0418,-0.90026,-0.27072,1.165,-0.10755,-4.5307,-0.63437,1.6135,-1.7715
-0.50261,-0.82324,0.69892,0.59015,-0.44742,0.5367,-3.1857,-0.34504,0.23181,-1.2552,-0.1138,-2.2244,-0.69214,0.71372,-0.37443,1.2599,-3.1086,2.3781,4.7202,-4.5671,0.54882
-5.7487,-1.0128,-1.0062,-0.55475,-0.32534,0.97981,-0.20161,0.4928,-1.2935,1.174,-2.1746,-1.1843,-0.66589,-2.126,0.7134,0.82108,-1.0642,-2.2737,-2.856,-1.3851,-3.2834
-2.4049,1.2153,-2.2442,-0.61567,1.4056,-0.16296,1.8844,1.067,-1.3847,1.1003,1.9026,-1.374,-0.32606,-2.1616,-0.7487,-0.47053,-4.7004,-0.18514,0.41121,2.7373,1.4986
-2.3138,0.15628,0.1023,-0.68904,0.96804,0.8848,1.2139,0.96106,-1.0445,-0.23594,-0.65775,0.39143,1.6278,-0.32087,-0.51016,0.44414,-0.37471,-3.0797,-0.46565,-4.2148,-4.2833
6.315,-0.40026,0.90181,0.11654,-0.82151,0.3283,-2.4342,-0.41371,1.0502,-0.021103,-0.22698,-0.89514,0.88561,-1.1572,-0.71142,-0.094966,-2.2553,3.4711,4.6761,3.8438,3.7508
-5.5922,-0.44178,-3.0058,-0.8556,-1.8004,0.081479,0.31817,-1.0314,-1.3763,0.052031,1.2033,1.3286,-0.65159,0.95646,1.0689,-1.531,0.26716,0.033776,3.3618,4.3087,-2.8386
4.4248,0.4481,0.65924,0.79691,1.7988,1.6435,-1.8629,-0.61173,0.67267,1.0737,-0.5108,0.28133,0.070621,0.84152,1.0764,2.1024,-4.7073,0.2716,-2.8585,3.5309,-2.0616
-0.1575,-1.6646,0.76034,-2.4642,0.75941,0.28577,-1.2848,-0.089676,-1.132,-2.2411,0.24673,-1.1287,1.8473,0.46813,2.206,-0.57507,0.55087,-2.1192,-0.60461,-3.8262,3.8474
1.7754,0.21489,-0.16992,-0.47459,-0.32473,1.0281,-0.13596,0.97727,-0.64767,0.23743,0.0052315,-0.17274,-0.075655,-0.018222,1.2351,0.69436,-2.07,0.11999,-3.3152,0.65173,3.8359
3.0915,0.54956,0.70862,0.56304,1.3476,-2.1103,0.81986,1.2887,-1.1151,-0.052985,0.60292,-1.3354,0.1225,-0.028023,-0.061231,1.2622,0.77491,-4.9804,0.29087,2.0756,3.3627
7.3994,1.3923,0.62876,-0.55289,-0.17096,0.15446,0.34437,-0.97857,-0.40227,-0.48827,0.41897,-0.30553,-1.3114,0.19955,-1.0182,-0.51001,2.3277,-2.227,2.9348,3.8798,-1.7306
5.7814,-0.61923,-0.76357,-0.29493,-0.2922,0.55129,-2.2075,-0.89586,-1.7627,0.27118,-0.053254,0.69387,0.5382,0.33653,0.72731,0.027953,-0.59662,-1.5124,-4.6412,-4.0422,4.0234
14.983,-0.012601,1.1877,0.12495,1.9901,1.6134,1.1891,-1.2057,1.2604,0.38334,0.19631,0.16199,-1.0319,1.0849,0.51913,-0.074796,1.6316,-2.1605,-3.0864,3.1577,2.718
6.1638,0.77361,1.164,0.10907,1.8309,-0.30844,-0.15199,0.17332,0.23551,0.12112,2.748,-0.25779,-0.23806,-1.7055,0.8451,-2.9665,-2.6109,-4.1405,4.7746,-2.2198,1.5808
-1.5505,1.6292,0.43791,-1.1198,0.071057,1.7418,0.94516,0.14981,0.13822,-0.7192,-0.07805,-0.82969,-0.21805,0.042072,-0.48396,0.43826,4.986,0.21781,4.608,0.92287,3.998
1.6443,-1.41,0.76436,0.47295,1.2241,-0.62439,-0.48147,-0.64301,0.17791,-1.0179,-1.2933,-2.0003,0.21777,1.7787,-0.28151,0.6241,-2.5712,2.8848,0.56592,2.198,2.8313
7.3992,-1.7473,0.17209,1.7786,1.9083,-0.9508,-1.8382,1.4616,-0.76318,-3.503,0.18257,-1.5716,2.281,-0.10188,1.264,0.19973,4.4083,4.426,1.4609,2.7702,-0.7525
-6.0158,-0.47225,-0.63598,0.80002,0.052218,0.83473,0.071832,1.3668,-0.12351,-0.71783,-0.26434,-1.5541,-0.49025,0.91045,-0.62667,0.53919,-2.8278,-0.027102,-2.2791,-2.0534,-1.7574
-3.6946,-0.060088,0.26363,-0.65802,-0.31881,1.0968,-0.2761,-0.93042,0.20056,-0.089954,2.0361,-1.8209,0.096676,0.24482,-0.079412,-2.7875,-0.024356,0.93754,4.5209,1.0738,-1.0612
0.62154,0.43888,0.55799,0.10785,0.70424,1.8092,-1.9742,-0.28403,0.43932,1.3847,1.8487,-0.35082,0.79135,0.57249,0.40847,-0.15046,3.2118,-2.0914,1.6977,-2.1253,-4.3859
0.96301,0.20122,-0.32351,-0.51731,-0.094564,-1.2636,-1.77,0.027965,0.14304,0.15462,-1.8547,0.58086,0.24658,-0.23209,0.45593,0.7442,2.1659,-3.5084,1.6681,4.9832,-1.3657
-0.79478,-0.5833,0.23893,0.11984,0.42238,-0.31919,-1.3424,-0.59357,-0.95805,-0.050619,-0.072351,-0.34199,0.98258,1.4161,-1.3111,1.4593,2.0558,-3.6813,-4.889,3.1451,-1.4696
-4.4431,0.7648,-0.66854,1.9309,1.5866,-1.3589,-2.7344,0.51633,0.43667,0.903,-0.99343,0.022724,-0.91859,-0.76132,-0.042021,0.37535,-0.59559,2.3236,3.5297,-0.86022,3.6562
5.818,0.14077,0.54218,-0.53268,1.0897,-0.48573,-0.89851,-0.50095,0.20874,-0.58302,1.8626,0.6681,0.87397,0.76208,3.1472,0.0797,2.5418,2.3447,2.7833,3.7914,3.887
2.4056,-0.37294,-0.73494,0.92254,-0.57157,1.0313,0.28055,0.727,0.11144,-1.2322,1.0318,0.28175,-0.77971,-1.4532,-0.46616,0.39205,4.1995,-3.2065,1.8492,2.325,4.6305
-4.6543,0.10547,0.61639,-1.0367,-3.0037,0.9163,-0.076108,-0.62942,1.1544,0.26283,-0.2621,-1.3199,-0.070482,-2.3412,-0.84614,-0.6421,-0.58648,-0.8644,2.4078,4.2875,-1.718
-3.3045,1.2706,-0.2288,0.27965,-0.65719,-0.13515,1.6421,-0.053309,-0.16295,0.27298,-0.17084,0.056546,-1.304,-0.092996,-0.45741,-1.7397,0.27965,0.94144,-3.4343,-3.2839,1.9332
-2.3448,0.49913,0.821,-0.52311,0.11242,-0.3111,-1.3105,1.3141,0.57646,-1.2213,0.47353,0.78625,0.37102,0.36229,0.6616,-0.83746,-4.3396,-3.7472,2.1878,-2.0516,1.3307
-5.6485,-0.39702,-0.15523,0.54627,-0.4164,0.40839,1.0675,-0.77797,-1.7089,-0.7918,0.52651,0.57514,0.86006,-0.63149,1.2645,0.70128,-1.0923,2.8537,-4.0318,-4.0626,-2.5756
-3.5865,-1.79,-1.3083,0.70533,0.62239,0.073391,0.3565,-0.69024,-1.4603,0.34965,-0.54445,-0.039987,-0.051958,-0.423,1.5074,0.47512,-0.32761,1.1999,2.0695,-1.8202,3.6999
6.6571,-0.26689,0.77757,0.46846,1.4815,0.15463,1.1216,-0.83699,1.3236,-0.64338,-0.050142,1.6585,-1.1641,-1.5738,-0.44062,0.63833,3.9514,1.1522,-4.9737,-1.1881,-2.859
-2.6045,0.17843,-1.1801,-0.10002,-0.83779,0.19042,-0.98061,0.65797,-0.71787,-0.79556,2.9603,-1.7464,-0.87634,0.89632,-1.2001,-0.61384,-3.8944,2.0121,2.7621,1.3271,2.4771
-3.1662,-0.43419,0.28778,-1.0679,1.8648,-0.20427,-1.1587,-0.16422,-0.87315,-0.24605,0.77692,0.62448,-2.1395,0.99277,0.5534,-0.1141,2.3114,4.8718,-0.084428,-0.2848,-3.5534
-5.6941,0.46451,0.44929,-2.5887,2.0024,0.71034,0.51659,1.4113,1.196,1.163,0.14045,-0.49917,-0.018424,0.92623,0.27849,-1.0365,0.45471,0.62394,-2.9561,2.1767,-3.9318
-1.2485,-1.1214,-0.53607,-0.44882,2.4866,-0.79803,0.12609,0.94847,-0.97155,1.0562,1.6868,0.45091,0.82779,-0.18818,-0.49838,1.2782,1.0654,3.6442,2.2925,-2.3078,2.2032
-8.0878,-0.35908,-0.92097,-1.4403,-1.4254,0.4156,0.091781,-0.40395,-0.19873,0.037183,-0.65663,-1.194,-1.697,-1.4258,-0.40042,0.67026,-4.7022,-0.81291,-1.8435,-3.2694,0.26318
-0.054766,0.53227,-0.6865,0.93478,-1.0468,0.94582,-2.112,-0.85488,0.22503,-0.95701,1.3239,-0.84911,-2.4532,-2.4686,0.38103,-1.1767,-3.5325,1.5447,3.8382,-1.2088,-0.57084
-0.20387,-1.6435,-1.0929,0.37598,-2.5007,-2.3787,0.29306,-0.013306,0.41915,1.0145,-0.89428,-0.45413,0.60728,1.3204,-0.55318,-2.0437,-2.1602,4.2526,-3.1977,-0.61919,2.7818
-5.4298,0.4669,-0.48899,-0.25127,-0.49223,1.122,1.6657,2.624,1.0052,-0.6125,0.90017,0.044028,-0.086422,0.55358,-0.14321,-0.02356,-4.9513,1.6415,4.3855,-0.77873,-1.4126
-5.5109,0.11211,-0.91877,0.49686,-1.2272,-1.7296,1.0221,1.1381,-2.3947,0.7885,0.70769,0.18454,0.48314,0.53439,-0.46352,-1.1224,1.6916,-1.9692,4.7075,4.1357,3.5335
0.00033953,1.4965,-2.0317,0.092671,-0.36003,0.15825,-0.74335,-0.72332,-0.83357,1.2562,1.4722,-0.77663,0.46273,1.2348,0.3817,-0.48134,3.7026,1.1995,-1.9551,-2.3043,4.6217
-5.1325,-0.5865,0.63901,-1.9643,-0.70342,0.34885,-0.2795,1.4094,-0.85097,2.2981,0.48378,-0.51029,-1.1694,-0.15888,-1.2577,1.6632,0.46968,-1.4868,3.6249,-1.4796,4.7913
0.46705,-1.7189,1.1359,-0.40111,1.675,-0.55967,-0.76995,1.8561,1.1491,-1.522,-0.66701,1.1166,-1.5062,0.55264,-0.19458,-0.82221,0.43164,-1.7763,3.4218,-2.8479,-2.2237
-6.1068,0.74104,-0.78561,-1.0939,-0.044736,1.5545,-0.7672,-1.1917,1.0761,0.091494,-0.063863,-0.44503,2.5901,0.41603,1.5796,0.64532,1.1573,1.1021,-0.75387,-1.2808,-0.84993
0.39406,1.0877,-1.0122,-0.6783,-0.74877,0.47164,-0.37804,-0.91917,-0.99073,1.7242,1.8423,-0.85586,-0.42707,-0.48895,-1.121,-0.14959,-1.9782,-3.3968,-1.3632,-1.1014,2.2501
-8.4278,0.75667,-1.0084,-1.97,0.0087426,-0.3546,0.63715,0.82864,-1.0125,0.14636,0.18749,-1.5946,0.51741,-1.3758,2.2503,0.43894,-1.3327,-0.13261,-2.1756,0.75427,3.9487
5.8622,1.6297,1.5212,0.30721,0.77583,0.81124,0.66417,0.23122,-0.65844,0.65125,-0.39444,-0.73803,0.35586,-0.44892,-0.78449,-0.78762,0.7494,4.4563,4.9324,-2.2164,2.1131
-3.4631,-1.375,0.66327,0.04692,-1.0894,-1.3039,0.70072,-0.82729,3.27,0.56009,1.3934,-0.065641,-0.075215,0.070477,-0.065701,1.4111,3.0922,-1.1609,-2.4425,-2.4051,2.5813
3.8587,-1.052,0.071216,0.21587,0.74039,0.23346,-1.4001,1.4152,0.077982,0.84965,-2.6753,-0.50716,-1.0701,-0.90338,-0.016781,0.079627,-2.984,-3.1104,4.2068,2.1906,3.834
-7.2639,0.47752,-0.58443,-0.23729,1.5251,-2.2609,0.80347,-0.44978,0.21756,0.123,-0.42494,0.62083,0.41805,1.1497,-1.2041,0.86087,-1.7248,-0.31161,-0.71665,4.1018,-1.3305
5.0574,1.2222,1.0146,1.666,0.28118,0.17511,1.6314,0.22917,-0.99811,1.1674,0.90537,-2.9555,1.4573,0.23341,0.55478,-0.1288,2.4292,3.4091,4.3543,-3.779,0.42545
-5.8523,2.3707,-0.22694,-0.22297,1.7184,-1.4298,0.12968,1.2078,-0.097594,0.58752,2.6176,-1.4408,-0.087879,0.42011,0.7499,0.92472,-1.5908,3.4267,3.3884,-3.1771,0.3477
4.0613,0.11459,0.64405,-1.3709,-0.65954,0.3968,-0.016256,-0.36191,-1.0665,1.1984,-2.877,0.86136,-0.039624,2.0795,-0.48339,0.90667,-4.5239,3.278,-3.4422,-3.6689,1.4758
1.3714,0.27907,0.20088,0.85611,-0.15371,0.47635,-0.83272,1.1147,1.0238,0.17099,0.40816,-0.29639,0.31139,1.8441,0.01672,1.793,-3.4364,-4.8852,0.74283,1.8361,3.9518
-2.9476,0.75208,-0.029035,0.72193,-2.0313,0.051929,-0.046518,-0.27124,-0.54326,1.6446,-1.0129,1.3008,-0.10917,2.9541,-0.049591,0.68453,-3.0614,-2.3296,1.735,-2.8599,1.0083
-5.6098,-0.26026,-0.99231,0.71289,-0.41077,0.46037,0.60562,-0.20346,-2.783,0.18574,0.10538,-1.147,0.015598,0.16862,0.48662,-0.10373,-0.048876,4.9988,-0.9418,1.0457,4.6994
3.1901,-0.025993,1.9836,0.64442,1.5249,0.50373,-1.2139,-1.0856,0.79462,-0.41474,-0.16313,1.862,-0.14055,-1.8424,-0.015586,-1.2958,1.3512,-3.8032,-4.9512,-2.9832,2.3214
-6.6154,0.096724,-0.93956,-1.2945,-0.62656,0.87404,-0.25414,0.7253,-0.51077,1.2355,0.71201,-1.411,-0.92865,1.7533,-1.1623,-1.6618,3.8022,-0.099105,-1.7467,3.1776,-0.84709
-1.4239,0.14414,-1.6095,-0.82793,1.4111,0.14766,-0.0054596,2.0189,0.63232,-0.15044,-0.97411,1.3017,0.93433,0.9338,-1.0108,-1.3304,4.0254,2.9003,3.3894,-1.8389,0.81138
2.6555,1.8562,-0.21979,-0.56477,1.2581,-0.16093,1.5775,-0.20249,-2.0835,-0.41854,-0.62493,0.49024,-1.8793,-1.2852,1.4112,2.3672,-1.9284,-3.7779,-4.3718,1.6962,4.2232
-2.9867,1.1003,-0.27741,-0.22896,1.6079,-0.33986,1.432,0.94561,0.22286,1.9963,0.45799,-0.025531,-0.57554,-0.8491,0.13164,-0.13745,2.5338,1.6241,-3.9458,-3.5127,1.185
-3.6967,-0.36411,-0.88015,0.85572,-1.426,0.60254,2.2058,1.1123,-0.024258,0.69883,-1.7105,-1.1265,1.1884,2.6231,0.45867,-1.1251,-2.1757,-0.1192,2.0179,-1.9405,2.0993
-5.6875,0.47199,0.58393,-1.3018,1.0029,0.18817,-0.98533,-0.20243,2.0378,0.24562,2.3332,0.14407,-0.023872,0.29954,1.9516,0.74639,-1.3142,-3.0571,0.14158,-2.0276,1.6129
-7.1097,-0.83911,-0.36393,-0.073907,0.34149,-1.0019,1.3397,-0.90948,-2.2707,1.0476,0.18894,-1.0487,1.631,0.089482,-1.1615,-1.5413,-2.0727,3.7863,-0.018332,1.3508,-1.6385
-2.3273,-0.52363,0.41669,-2.1976,-0.9524,0.1745,-0.73665,-0.89816,0.3684,1.1755,1.7014,1.7429,-0.07187,-2.645,-0.16026,0.78265,-0.86309,-3.1851,-1.2639,1.8088,-2.9667
0.023018,-1.3888,1.2868,0.86401,-0.97512,0.94986,1.9237,-0.19272,-2.8051,0.23008,0.99862,-0.076882,1.371,0.46756,0.079417,0.089831,-2.8528,1.3905,1.0351,3.4525,-0.92187
0.06658,0.004248,-1.4039,0.64533,-1.0122,-0.9461,-1.0278,-0.021224,-0.37907,-0.56411,-0.034843,-0.8485,1.0409,0.00038997,0.58346,2.2013,-1.8101,2.4083,3.5147,-3.1665,-3.4923
-3.473,-1.4048,0.44425,-1.194,-0.095074,0.93583,-0.78426,0.14886,1.6059,0.1171,0.78143,-0.19441,-1.8439,1.0461,-0.71586,-0.47895,-3.7808,0.62673,-2.2308,2.6043,3.2633
3.5776,2.629,1.4409,-0.034896,-2.4795,1.0182,0.45255,1.5127,1.1733,-1.4857,-1.635,-1.9061,-0.042956,-0.38674,1.427,-1.409,4.6302,1.2884,3.4476,2.1194,2.1046
-3.7965,0.81953,0.33288,-0.71279,-0.65514,-0.0010455,-0.59633,-3.128,-1.1025,-0.2046,0.66351,-1.471,0.88509,0.2646,1.54,0.59144,0.03983,-3.8103,-0.83381,0.57544,-0.98944
1.9448,-1.4434,0.516,2.619,-1.0311,-0.83325,2.2176,-0.069636,0.37136,-0.059401,0.70371,-1.9922,-0.79098,-0.33774,-1.549,1.4647,4.231,-1.9196,0.0098401,1.5016,-3.2862
5.2295,-0.49973,-0.23206,2.7946,0.79597,-0.62875,-0.33134,-0.13767,-2.4957,0.37002,-1.5933,-0.091422,0.77007,0.087885,0.074635,0.56794,2.4616,0.86962,2.2962,-4.1,3.758
-0.91122,-0.51796,0.60235,0.62913,0.20681,1.1049,0.82526,-0.19055,0.12187,0.87849,-0.043515,1.2304,-0.26984,-0.44876,1.6755,0.7101,-0.42295,-1.0454,-2.4128,-3.5312,1.3906
3.7635,-1.8027,0.61254,1.8258,1.7561,-1.253,0.61796,0.12748,-2.1267,0.14856,-2.9562,-1.8081,-0.87775,-0.53,-2.6091,0.43505,2.5462,1.6395,4.2164,-0.84428,4.966
-4.0013,0.98844,-0.39201,-0.15124,-0.78069,-0.20231,0.43585,1.9246,1.9374,1.2768,0.82325,-2.2893,-1.0361,-1.3578,-0.57926,1.8345,1.2802,3.5195,2.0207,2.1137,-3.989
1.5729,-0.36075,0.71083,1.0989,0.39098,0.29001,0.26229,-1.1751,0.47733,0.23265,-1.5591,-1.0866,-0.56535,1.2242,-0.20792,0.70106,-1.9624,-3.0978,1.1893,-3.3218,-2.5515
-1.1177,1.1327,-1.8948,-0.35064,-0.93417,-0.74252,-0.14452,3.185,0.13165,-0.19388,-0.043052,1.3845,0.52434,-0.64193,0.602,0.14715,0.21659,4.0327,-2.2699,-1.1102,-4.1635
-6.3229,0.40902,1.3583,-1.1811,0.058291,0.11172,0.25034,-0.80945,-0.56643,-0.0087045,-0.53957,0.58371,1.7792,-0.13377,-0.18395,-1.6858,2.1231,-1.1682,1.9585,-0.02054,2.4474
4.7215,0.81912,-0.9118,1.6137,0.60627,0.53333,0.63286,0.24469,1.4211,-0.36174,1.6736,-0.5921,0.82725,0.48173,-1.3579,0.55543,-1.9469,4.4312,-2.4279,4.3505,-3.4042
4.8975,0.31966,-0.14964,0.41202,2.0466,-0.40915,-0.78709,0.61367,0.077543,-0.73185,0.7362,-0.78859,-1.4227,-1.2781,0.54982,-1.3161,-4.8748,1.1738,3.1645,-4.448,3.8166
-4.273,2.415,-0.40114,-1.3478,-1.2077,-0.046343,0.3611,0.94256,-2.2903,-0.94326,0.53207,-0.67182,0.47376,0.90525,-0.58989,-1.3317,-2.3174,2.901,-4.8853,3.2901,-0.085205
-9.1587,-0.11403,-0.57758,1.3854,-0.56002,-0.018329,1.1767,0.51098,-0.57854,-0.24276,0.29155,1.7584,-2.152,-1.9046,-1.0481,2.6709,2.9675,0.14775,-3.3346,4.8416,0.26169
2.967,0.11802,2.0039,0.70046,-0.51238,1.2127,0.90612,3.1025,-0.2822,-0.09018,-0.55522,0.15394,-0.24924,-0.61718,-0.95222,-0.1656,4.2999,0.31145,0.57829,-2.3273,-4.5748
-3.9635,0.99969,-0.50964,0.3222,-2.2407,0.43819,1.1048,0.065778,-0.91203,1.0686,0.322,-0.078416,-0.55525,-0.57382,1.0443,0.27229,1.2533,-1.7241,2.1228,3.9006,1.1405
-6.7341,-0.35766,0.088893,0.17434,-2.918,-0.14998,0.82224,2.2241,-0.44342,-0.11975,1.7762,-0.22232,0.84862,-0.15445,-2.4694,-2.6585,-3.6719,-3.7064,-0.075193,-2.097,-2.7239
1.7185,-0.055026,-0.019698,-0.73382,-0.013986,0.77605,-1.1562,0.94977,-0.78406,0.73214,-0.12708,1.2573,0.84908,0.45447,0.05565,-0.66429,2.5757,-1.1618,3.7781,2.9901,-2.865
-0.42152,0.24146,-0.73807,0.22769,-1.0099,-0.074962,-0.89614,-0.59296,1.1986,-1.9026,0.33883,2.4211,-0.34946,0.52233,0.15216,1.392,0.26905,-2.8502,4.7587,-0.40143,3.9532
1.1553,-2.7352,-1.1522,1.1973,-0.57651,0.067911,-0.50568,-1.6346,1.967,1.2558,0.44047,0.82616,-1.2483,0.23826,-1.1329,1.0527,2.5387,-4.6713,-0.35723,0.97609,3.8801
-2.7578,0.19351,-1.9476,-1.4364,0.50371,0.36159,0.68538,0.83452,2.114,0.4471,0.39188,2.0953,-0.50948,0.77794,-0.71344,-1.5698,3.5861,-2.2511,2.6799,-2.6333,-4.9473
-2.0494,-0.1454,0.026296,-1.5696,-0.47409,-0.97032,-0.043676,0.61594,-0.85734,0.6532,0.37561,-0.80406,-0.44003,-1.2846,1.1966,0.41186,4.4754,-3.1942,-0.052279,1.8761,3.323
2.4817,1.4546,-0.82589,1.1465,-0.57709,0.69774,1.5374,-0.48566,1.2481,-0.29741,0.58264,2.1731,-0.88233,0.9559,-2.0449,0.077511,1.5454,3.7553,1.651,-3.5132,4.023
-4.175,-0.39669,-0.71799,0.45434,0.27681,0.50942,-0.38957,-2.3024,0.60534,0.56859,1.2666,-0.16762,1.5886,-0.55213,1.9148,-0.37744,3.5426,-4.1876,-2.7513,0.59686,0.11948
-2.5163,1.7289,-1.941,0.14218,-0.27242,1.5208,0.64944,0.61746,0.74726,-1.3988,0.20649,-1.4162,-2.0055,-0.37778,-1.1017,-0.15493,2.4259,-3.161,-3.9046,-0.056711,1.5617
-0.68059,0.25189,0.98755,-0.80043,0.61366,-1.7904,-1.8202,1.2907,0.14142,-1.1528,1.3338,0.31956,-1.3712,-0.49031,1.243,-0.10527,2.271,2.0403,4.7901,3.3721,2.6779
-8.2135,-0.61855,-1.6631,-1.1569,-0.01254,-0.14692,-0.85141,0.35039,2.2751,-0.47846,-0.95938,0.41922,-0.49356,-1.2464,-0.078785,-1.1456,3.5879,4.1923,3.1499,-0.18531,1.8544
0.37673,0.97633,2.0633,0.90795,0.076242,1.8182,-0.38341,0.55567,-1.7604,-1.0739,-0.39976,-0.082859,0.3509,-0.77933,0.11085,0.19405,4.23,-2.4854,-2.1462,2.8473,-0.40884
-2.2409,0.13099,-2.082,-0.31883,-0.37131,0.43517,-0.17583,-0.63907,1.2964,-0.4178,0.37609,-0.495,-1.2308,-1.2708,-2.2916,1.1519,4.0208,-4.787,0.85828,-0.99706,0.73452
-7.802,-0.36436,0.27316,-1.3672,-0.50087,1.161,1.226,0.67214,-0.0087056,0.81397,-1.1488,0.55377,-0.88733,-1.2617,-2.2555,2.1071,-1.0425,4.605,-1.1993,-1.9209,0.74059
-1.4004,-0.093312,-2.3767,0.5563,-0.67409,-0.29025,-0.72075,0.099874,1.5148,0.45637,0.22302,-0.67297,1.3506,0.7748,-1.0547,-2.2947,-4.1598,1.8222,-3.2366,2.8723,3.4213
2.0906,0.48981,0.37947,-0.70603,0.87701,0.69837,-0.81885,1.4541,-0.86359,0.38681,-0.091384,0.29741,0.32286,1.3843,-1.2652,1.4272,3.2957,-1.8934,-0.81165,-0.81536,-2.5956
-1.5813,1.4014,-0.99132,1.1493,1.1255,1.654,0.074752,1.2403,-1.6591,-1.6742,-0.5368,0.34016,-0.20659,-0.67453,-0.22867,-0.34815,0.38932,-0.27627,-2.0281,-0.032339,2.5723
-0.4388,-0.27422,0.094217,1.3797,2.0605,-1.5656,1.9625,0.025667,-0.97568,-0.64318,-0.15622,-0.26333,-1.1037,-0.30472,0.39864,0.90772,0.42076,0.99256,-4.8338,0.77323,3.1234
-7.3252,0.67582,0.6438,-0.017873,-1.4219,0.82424,-0.34414,0.29811,1.0525,2.3441,-0.50663,0.51073,-0.1445,-1.5445,0.88831,0.48303,3.2518,-1.2613,-1.1263,3.1967,2.9703
2.5395,0.19058,-0.78296,0.26801,1.1206,0.92686,-0.98613,0.63733,0.35406,-0.51071,-0.25071,-0.83925,-1.0376,-0.60495,-0.2546,0.48283,-4.6802,3.7449,4.2091,0.8132,3.0771
5.703,0.67036,0.14862,0.033642,1.3499,-0.66773,0.49506,-1.3805,0.92721,0.71711,0.74502,0.089644,0.24548,-0.29281,-0.69021,1.04,3.7796,2.2617,3.282,-0.93857,3.2928
-3.7816,0.20836,-0.92078,0.38838,-0.59497,-1.1645,0.48811,-0.2466,0.0064723,1.4958,0.44422,0.34463,-1.3813,-1.6872,-1.1472,-0.66245,-4.6537,4.5434,0.74075,-3.3941,-0.82484
-5.4681,0.32787,1.1911,0.6891,-1.0476,-1.2647,-1.7375,2.2064,0.078139,-0.1293,-1.0573,-0.58317,0.15924,-1.019,0.13352,1.9384,1.9319,-1.4893,-1.8135,2.0211,1.1789
5.5231,-0.8232,0.98094,-0.8786,0.30639,1.5931,1.7081,-2.3469,-0.56977,0.00075835,-0.8354,-0.79996,-0.20483,-0.028366,-0.10807,0.76856,0.87484,4.3717,-2.6874,3.8323,2.5525
-9.8136,0.33191,-0.72343,1.0702,-1.252,-1.507,-0.041863,-0.67367,1.0276,1.3399,-0.6414,0.74091,-0.53175,-0.77399,-0.2735,-1.8955,1.4175,-0.20899,4.5602,-3.9162,2.6977
-1.5972,0.34391,2.3344,0.16491,-0.20225,1.43,-0.89826,-0.2434,0.79176,0.82578,1.5566,0.33257,0.38791,-0.48435,-1.7686,2.793,-1.2592,1.4232,0.6461,-0.33786,4.586
-0.53552,0.37975,-2.5512,-1.3851,-0.85653,1.4275,0.71913,-1.2291,0.51432,0.79364,0.98304,0.49803,-0.67166,-1.1894,-0.71288,-1.7629,-2.2454,2.3665,-2.8239,4.3454,4.7508
-2.8711,1.0889,0.90251,-0.99082,1.0202,-0.95206,-0.52757,0.59911,1.5878,0.059397,-0.53017,-0.88662,-0.13436,-1.4788,0.44999,-0.32149,0.094086,3.0934,-2.5052,0.63509,0.64735
-3.2588,0.99486,0.22713,0.37842,-0.020325,-0.46247,-0.093748,1.3865,0.77309,0.42273,-1.1423,-0.54983,0.25004,-1.5976,2.1225,1.7786,3.8582,-1.0374,4.596,0.45254,-0.34261
0.24626,0.20861,-0.35125,-1.2994,1.8209,1.8661,0.37106,-0.025084,1.3315,0.37753,0.98421,0.77036,-0.93652,0.39965,0.56783,0.3966,0.6529,-0.52054,-2.6119,-4.3652,3.3553
-3.2304,-0.39919,0.52746,-0.98346,0.91252,0.29643,-1.7331,0.84506,0.60135,-1.3347,1.0688,0.59134,1.1567,-0.95164,0.17687,0.78201,1.6315,3.1728,-3.9329,0.353,-2.8004
-1.5951,0.50601,0.87485,-1.0064,-0.059429,-0.14721,-0.11071,-1.313,0.25896,0.67249,-0.95815,-0.12246,2.0225,0.29587,-0.73653,0.10583,-0.58621,2.1756,-3.1604,1.5454,2.664
5.8484,-0.12776,3.0681,1.5848,1.1329,0.028662,0.79096,0.29141,0.72833,-1.0388,-0.79679,-1.4744,-1.7795,-0.97869,-1.383,-0.67884,4.7214,4.4085,2.6622,-3.5341,-3.0799
0.98668,-0.25492,-0.61888,0.48358,-0.67441,0.2411,0.70987,0.34686,-0.20977,-1.9107,0.96121,-1.0989,-1.9152,-0.95043,0.012446,0.80068,2.4252,4.796,2.0876,4.5636,0.91628
-3.5962,-0.078043,0.75752,0.95962,0.21822,-0.21385,0.596,1.7539,-2.1202,-1.3317,-2.102,-1.6857,0.018772,0.38702,0.58145,0.94557,-1.451,-3.2109,-0.62058,-3.0385,1.0683
0.43325,-0.31465,1.0286,-0.54597,0.84535,-0.98718,0.7209,0.13245,1.3737,-0.5963,0.88021,1.3999,1.1233,0.0074923,1.0236,1.5937,1.5353,-2.7208,2.938,1.7393,-0.58156
-3.5301,-0.30842,0.05284,0.2654,-0.34265,-1.2869,1.1464,2.6712,0.94985,0.77653,-1.0327,-0.91281,0.63722,-0.75642,1.0325,-0.47401,0.42616,2.1599,0.17513,-2.2566,3.6455
-9.0616,0.40127,0.21086,0.33707,-2.3205,-1.5509,-1.0217,-0.194,-0.69372,-0.093214,0.61321,0.51579,-2.0924,-1.6526,-0.97247,-2.0214,3.8406,2.4738,-0.86402,-3.9157,0.43482
-7.1357,-0.12942,1.1525,0.37595,-0.0094125,-2.2816,1.1501,1.1223,-1.2028,-0.15538,-1.7609,0.16002,-0.62612,1.1265,-0.43556,0.5879,-2.2495,1.0318,-3.8256,-2.391,-0.072703
-1.9469,1.3277,-0.35229,-1.0493,-0.05606,0.19728,-1.4724,2.423,0.42109,1.1744,-0.28686,0.51598,0.55454,-0.19064,0.93273,0.86673,-3.9193,3.773,3.8391,-1.6585,-0.81874
3.9531,0.67079,0.51556,1.0739,0.23013,1.0489,-0.3886,-0.24699,0.073506,-1.4048,-1.3162,0.26058,0.68041,1.5778,1.0433,0.17764,-3.0873,-2.4801,-2.2441,-0.35268,-4.3777
-3.4641,-0.69171,0.96218,1.4007,-1.3299,-0.57341,-0.67914,-0.31029,-0.44892,1.3012,-0.25723,-0.95512,-0.11459,2.7173,-1.19,0.064766,-1.1295,-1.6051,1.1626,-2.6564,-1.3785
-0.59678,-0.049218,0.38716,0.078071,-0.74897,-0.88577,-0.906,-2.2432,-1.7354,1.0864,-1.5732,0.62013,-1.0238,-1.7091,1.2022,1.9718,3.5406,-0.053532,4.8458,2.275,-4.0718
-4.0126,-0.32673,-0.2252,-1.1111,-1.6757,-0.18506,-0.48827,-0.26978,0.54212,-0.66008,-0.05745,0.37461,0.22601,0.010601,0.15791,1.6932,-2.2916,-1.8497,-3.1058,3.0719,0.65638
1.458,0.30325,0.24943,0.92983,0.62952,0.24993,0.11786,-1.3521,-2.0079,1.381,0.26078,0.17897,0.017323,-0.28147,-3.0118,1.3477,1.2636,0.45439,4.6519,2.9098,1.405
-10.951,2.0565,-1.916,-1.4069,0.72247,-0.26617,-1.5654,-0.48156,-0.52588,0.14885,-0.23095,0.23166,0.60062,-0.86582,0.60603,-1.3673,1.2355,1.8248,1.5272,2.1575,2.6778
-1.8941,1.7072,0.71121,-0.49044,-0.79034,0.25379,-0.2095,-1.042,0.0096399,-0.95875,2.7513,-0.32034,-0.65834,0.84,-1.2116,-1.7076,-0.91953,-2.7963,-3.7127,-2.3036,1.3254
6.3277,0.51074,1.5629,0.79646,0.56743,3.4562,0.15639,0.58252,-2.2271,-1.6914,1.0623,-1.3172,1.134,-0.83417,-0.26744,1.1557,-4.4966,-0.14663,2.7193,-2.8954,-3.1294
5.5605,-0.18769,-0.82538,0.32072,-0.94368,1.2071,-1.7175,-0.088776,-0.17688,-2.7618,0.065849,-1.3238,-0.80937,0.76857,-2.1513,0.3621,2.4483,4.9298,4.5178,-3.9087,2.5024
-3.2029,-0.58943,-0.56813,1.825,-2.4956,0.38558,-1.5781,0.50966,-2.0627,-0.74747,0.14897,-0.67903,0.83462,0.3802,2.6281,-1.2419,-2.0427,-1.7584,0.62781,-1.0332,0.48859
0.4933,1.1433,-0.72367,0.12584,-1.3278,-0.055108,-0.92069,1.2068,-1.3485,-2.3949,-0.39596,-0.66445,-1.8975,-1.3703,0.81641,-0.062421,-1.0154,-4.6464,1.8856,-4.1273,-3.9783
-2.4762,0.13037,-1.009,1.2833,1.3421,0.3867,-0.86836,1.0453,2.0463,0.063073,0.051286,0.47687,0.94717,-0.2296,-0.94252,0.48922,-1.2276,3.1735,-4.7365,1.5539,-4.7517
2.2848,0.58646,0.73051,0.94028,0.98937,-0.88557,1.0073,0.16787,0.23102,-1.4906,0.6217,0.31751,0.8367,-2.0471,1.2443,0.62504,1.636,0.033068,4.8908,4.4983,-2.0125
0.38539,0.1034,0.08521,-0.91269,-0.64997,2.3265,-0.68039,-0.037437,0.44657,-0.075217,-2.4241,-1.0593,0.41502,0.17237,0.041129,1.3753,-4.1367,-4.4722,-1.8154,2.5563,1.9002
4.2721,0.26454,-0.42797,-0.53783,1.5909,-1.0293,-0.32643,-0.72746,-0.35512,-1.2149,1.6919,0.22425,1.3007,-1.2614,-0.40555,-0.33296,0.4989,3.9031,-4.761,-3.8311,4.3279
2.0656,0.054799,-0.59636,0.27304,0.95248,1.001,-0.43148,-1.6271,1.5517,0.16817,1.4073,1.1151,-0.94131,0.027338,-0.31524,0.50702,-4.8458,-0.95486,3.0856,-4.7952,4.665
1.5061,0.22125,-0.7456,-0.18887,-0.34412,0.67325,-0.86622,-0.11809,1.603,-0.23853,-0.50609,1.7432,-0.5134,1.6224,-0.55171,0.13313,4.8304,4.2927,4.7325,-1.6511,2.6455
1.5198,0.091006,0.64289,-2.04,-0.14683,0.94618,-1.1803,-0.67146,0.81306,0.3249,0.82277,0.59317,-1.0676,0.15306,-1.5524,-0.36887,0.98427,-0.97922,2.3759,4.9288,-2.0675
-3.941,-0.15012,-0.19315,0.54394,0.41293,-0.84222,0.37882,-1.266,-0.01642,-0.44303,0.34918,1.0188,0.9296,0.16998,-1.4428,-0.23411,-1.1589,-4.2317,-4.9726,-1.8717,1.2207
-7.7111,-0.5613,-0.12576,-0.98905,-1.5627,-1.3908,0.51352,1.1583,1.0851,-0.98085,0.061579,-0.89972,0.8845,1.5887,0.77133,0.90746,-3.5325,-2.547,-4.3664,2.3751,-2.689
-5.6211,-1.7992,-0.073857,-1.3857,-0.72691,-0.29527,-0.92274,0.59911,0.57587,0.98691,0.69086,-1.1376,1.5316,-0.97528,1.513,-2.4792,1.9688,-1.4974,0.84269,2.1653,2.5069
1.3568,-0.47073,1.1222,1.0553,-0.94135,0.91807,-0.193,2.6662,1.3112,-0.1506,0.72451,0.87118,-0.64068,-1.6245,-1.6785,0.41502,4.0581,2.5073,-1.6428,0.72558,-3.3413
0.018453,-0.90259,-0.25294,-1.7633,-0.95651,-0.12703,-0.97392,-0.44743,-1.3293,-1.5447,-2.2589,2.9145,-1.3698,0.22281,-1.6154,-0.60651,-1.8189,-3.1525,3.8183,-1.3235,2.5647
-2.1213,0.54784,-0.39501,-0.91417,0.47731,1.2318,-1.1947,-0.14693,0.13862,-2.6778,-0.40045,-0.36956,0.88,-0.75126,0.23315,-0.62777,2.6649,-0.69026,3.7367,-2.9173,3.6859
3.2351,-0.73521,0.3939,-2.5659,0.1041,-0.12033,-0.94007,0.026784,-1.5821,0.16393,-0.6252,0.13336,-0.17405,-0.25547,-0.59178,-0.29904,-2.125,3.7325,4.8752,4.8,0.19506
3.9744,1.4759,-0.67854,1.4273,-0.43699,0.24901,-0.095136,-0.99526,0.92648,-1.301,0.84337,-0.58289,0.6055,-0.25755,0.054137,-0.12705,4.5723,0.33761,2.1583,-4.3411,-4.3437
-1.1528,0.50582,-0.16574,0.098617,0.37033,1.4957,2.2559,0.10611,1.3002,-1.1725,-1.1089,0.1958,0.26172,1.643,-0.101,-0.62842,2.0232,-3.9685,3.7688,-2.6377,-0.51108
4.1733,0.69266,-0.50915,-0.67137,-0.91161,0.60944,-0.087189,1.5297,0.0032533,-0.58494,-0.38224,-0.11456,-0.92958,-0.29922,-3.2839,-0.58525,1.2502,-4.7548,-1.8035,-1.911,3.3783
2.2329,0.13488,0.48916,0.86069,-1.5198,-0.88214,0.82085,0.63875,0.20339,1.4714,1.2623,-1.3851,0.89581,-0.095214,0.19631,0.3432,4.3073,2.0581,-3.8882,4.095,-3.2025
2.2331,-1.0688,1.2261,0.033095,-0.11887,-0.1179,0.18841,-1.2504,1.0186,1.8315,0.36406,0.28871,2.1521,2.4541,-1.7635,-1.7529,-2.3096,4.7913,3.6536,2.1337,-4.6144
-1.2876,-0.16759,-0.15218,-0.17783,-1.1674,-0.71249,1.7316,1.0728,-0.37197,-2.0947,1.4261,0.46334,1.0373,0.83929,-0.81244,0.45776,4.2362,2.8517,-1.9653,-2.3463,2.3269
-2.9789,-0.46288,0.83897,0.47108,-1.038,0.079739,-0.87706,0.75011,-0.47093,2.3319,-0.087304,1.7695,-0.36969,0.65254,0.080544,0.08565,1.7808,2.6473,-0.80668,-3.355,0.63041
0.44812,-1.2636,-0.066415,-0.71469,0.92182,-0.41053,0.27875,0.61617,-0.64227,0.39824,0.26851,1.2596,2.1411,-0.8281,0.8912,-0.053408,2.7136,1.7545,1.4603,3.805,-4.5794
-1.6417,0.42039,0.88203,-1.0254,-1.4819,-1.2221,-0.48312,-0.57816,0.049908,0.32929,1.5598,1.0775,-0.84143,-1.2006,-0.54456,1.3538,0.71635,2.955,1.051,2.9378,4.8489
-4.4862,-0.32432,-0.6145,-0.63126,0.89751,0.6576,1.6812,0.37648,2.323,-1.2964,-0.48663,-0.23065,1.5649,-0.39215,1.1524,0.35774,3.339,-4.5998,-0.79077,-4.6161,0.69332
-1.7958,1.3411,-0.11319,-0.37078,-0.66299,0.40028,-0.49717,0.57046,-0.28379,1.9167,1.2071,-2.2856,-1.3919,-1.8405,-0.34036,-1.3478,1.9828,-2.3532,-1.1385,3.793,0.85157
-3.7112,1.2137,0.75223,0.50367,-2.4232,1.4157,3.0908,-2.0017,-1.5504,1.5038,0.55957,-0.31493,-0.16891,2.8939,0.75723,1.0007,-3.5339,1.954,-3.7732,0.8794,2.8991
-4.1506,-0.50278,0.50225,0.33458,0.2268,-0.86984,1.8321,1.0027,0.40285,1.1191,1.3235,1.0628,0.5382,-1.1155,0.84402,-1.972,1.1246,3.6699,0.33862,-0.42463,4.0263
-0.23361,-1.1164,1.7715,-1.2109,1.168,0.72335,0.30989,-0.23322,-0.016785,0.12175,0.22193,-0.4201,0.90319,-1.0618,-0.28876,-1.2311,-2.2068,1.7461,-2.6715,1.7385,-4.3925
10.099,-0.92207,0.025691,2.2028,1.9324,1.186,-1.4009,0.96326,-0.31929,0.36665,0.46126,-1.7224,1.4477,0.57694,-0.98318,0.043274,4.1588,-3.2372,2.5481,-4.6056,-1.5149
3.0253,-0.0010418,-0.005188,0.73961,-0.71089,0.4087,-0.61062,0.69487,-0.4582,-0.22541,1.6709,0.45153,-1.0667,-0.12239,-0.052331,0.58521,-3.0177,4.3631,1.7487,-1.6968,-2.9991
-3.7223,0.15349,1.0344,0.51102,-1.2425,-1.3122,-0.77407,0.54674,1.1227,-0.33084,-0.14543,1.3054,-0.39382,0.47052,-1.6742,0.018004,-2.1428,4.0338,-4.2807,-4.1195,-0.34848
-1.8312,-0.90397,-1.6026,0.60955,0.4437,-0.60099,0.5969,0.77551,0.64896,-1.1521,-1.6577,-0.26497,0.35448,0.77613,0.7607,-1.5072,-4.5235,-4.1332,4.8926,1.8364,-4.0853
-2.1538,-0.93833,0.32243,-1.2498,0.85334,-0.075575,-1.3948,0.56367,-1.2487,0.82265,-1.5088,0.54848,-0.49866,0.44308,0.31036,-1.5433,-0.52421,-3.07,2.8046,-1.0199,-4.3191
-4.8596,0.43389,2.312,-0.069658,1.5209,0.14054,1.1054,-1.0242,1.3133,1.3721,0.64731,-0.25439,0.010839,-0.0089587,-0.012997,0.39244,0.57588,-2.2481,-2.7217,-0.21046,-1.9911
5.2293,-0.15315,0.025913,-0.19467,0.33765,-0.082945,-1.9254,0.64802,2.0039,0.14681,-0.91028,-0.62597,0.038838,1.3284,-0.063717,1.5802,0.73561,2.3841,-4.6926,-2.102,4.0435
0.84458,0.40244,-0.50997,0.40809,1.0889,-0.1171,-0.78697,-0.27392,1.6334,0.048725,1.4294,-1.9724,0.91799,1.4349,-0.7582,-0.77699,4.0538,3.5937,-0.21628,2.8829,4.7554
-1.3255,-0.65255,1.3905,-0.13123,0.99586,0.19451,-0.25265,-0.71511,0.7804,0.99159,0.12038,-3.5068,0.68686,1.8488,-0.56682,-0.41639,-1.5259,0.78322,-1.4726,-4.5349,2.6372
-1.331,-1.9577,-1.4576,0.34506,-0.21463,1.2711,0.18193,1.4886,-0.455,-1.0827,0.74731,-2.2641,0.90706,2.218,-0.62013,2.2836,-0.52472,-3.0035,0.46511,-2.1887,-4.9926
-3.5399,0.067693,0.66631,0.56766,0.2825,0.90454,0.12666,1.3066,-0.73942,-0.61114,1.0329,-0.13718,-3.9931,1.2982,0.081542,1.5595,3.5124,-0.8491,1.5966,0.90596,2.3522
1.2347,-0.04732,0.22473,0.68284,0.011797,0.42868,1.0083,0.50322,1.6699,-0.42187,0.72911,0.31953,-0.36956,-0.016408,-0.20115,1.7746,0.76829,-3.6214,2.9722,2.9013,-4.7801
-0.28402,-0.69692,2.0988,0.23988,0.57655,0.27024,0.73341,-1.2318,0.48071,-3.3264,-0.28067,-1.2367,1.6395,0.6607,1.3077,-1.8598,1.5399,4.174,-4.8646,1.016,-3.3143
-1.666,0.45755,0.47945,-2.5507,0.37286,1.4692,-1.7843,0.087035,-0.069197,0.10642,0.25236,-1.2461,0.49941,0.34405,0.82424,-1.4579,-2.2164,2.6453,2.143,2.3049,-4.8949
1.7555,0.079304,0.65031,0.4555,0.024421,0.2742,-2.1784,0.51138,1.1085,1.3645,0.057171,-1.7269,-1.431,0.63781,-0.0043984,-0.02868,-0.12529,0.10214,-2.0469,-4.7647,-3.5087
-1.8025,0.47959,-1.7261,1.1031,1.0765,0.37247,1.0459,0.015736,0.36577,0.6009,0.96792,2.4348,-3.7413,-0.50027,0.55814,-1.933,1.2095,-0.46425,4.864,-2.4508,1.8751
5.3887,-2.3604,1.6037,1.4604,0.010723,-0.80785,0.083412,-0.33851,0.42149,0.11749,-1.5057,-0.27899,-1.8373,1.7361,-0.46242,-2.4466,-3.6661,-4.0216,3.4624,-4.5791,2.0202
-6.3394,0.44401,-0.54618,-1.1479,0.60275,0.9037,0.37671,1.8711,-0.97572,0.44563,0.20599,-1.2704,2.0494,1.4489,-0.49973,0.12546,-4.6709,-1.8132,0.60401,0.00012398,-1.2892
-0.66584,-0.32499,-0.51032,-1.1294,-0.57914,-1.6192,-0.35339,2.0392,1.8015,0.83295,-0.19257,0.79031,2.2783,0.57634,0.27148,-0.33736,-3.8659,-3.7937,0.97766,4.8914,2.3119
-4.7845,0.097206,2.0987,-0.42935,-1.7753,-1.9973,0.12778,0.24346,0.92082,-1.1274,1.2516,-0.61264,1.3122,-1.9195,0.43109,1.0895,-0.22539,2.8234,-3.0792,-4.8647,3.473
0.67652,1.1148,1.0218,-0.57555,1.2915,-1.6443,-0.61839,0.081927,-0.78461,-0.56628,0.68015,-0.4256,1.6487,0.0065661,-1.121,-0.84659,-4.7597,0.44884,-2.7375,-0.59121,-3.6964
-0.39581,-1.1571,-0.20403,1.1401,0.67796,0.27967,-0.069848,0.65316,-0.44513,0.39082,-0.81077,0.54294,-1.3673,-0.80759,0.48719,-0.42762,1.2621,-2.7272,-3.4599,-4.9521,-4.1259
-3.2385,-0.47571,-1.149,0.27973,-1.0797,-0.51516,0.22058,2.423,0.34067,0.67498,-0.73224,-0.79865,1.3161,-1.2778,0.35579,-0.21118,-4.0242,-2.758,-1.2219,1.1289,-1.2808
-2.0901,0.52258,1.0573,0.77732,0.11174,-0.50515,-0.028798,0.89036,0.66912,-1.0868,0.10696,-2.535,0.34042,0.21603,0.64977,0.47478,-2.4904,-2.396,-3.8804,-3.1664,-0.96116
-0.86085,0.88714,-0.070703,-0.067074,1.1091,-1.8988,-2.2415,-0.29403,-0.0065544,-1.3996,2.4935,0.93951,-0.53261,-0.086929,-0.93723,2.3679,-0.73507,-1.9113,0.11273,2.1274,-2.236
-6.9502,0.016548,-1.6616,-1.1278,-0.42715,-1.1095,1.3068,1.5562,-0.15804,0.049314,-0.73811,-0.54592,-0.0019402,-0.72989,-1.5215,-0.24383,-3.8417,-1.1229,1.3848,-3.4035,2.5417
2.8236,0.90254,1.7255,-2.2283,-1.2563,0.85315,0.73163,-0.3724,0.48802,0.21003,1.4173,-0.37264,1.5336,-0.17221,0.47061,0.93975,-2.2945,-2.0245,-3.7779,3.2858,-1.7821
1.4206,1.1548,0.98113,-0.57848,0.32587,0.041763,-0.50179,0.13145,-0.34734,-2.1565,0.060515,1.1951,-2.0341,-1.3953,-0.11372,1.4999,-4.7892,1.7956,-1.558,-2.9382,3.0014
0.89086,0.87253,-0.018408,-1.6413,-1.0349,-1.2345,0.19308,-0.79454,-2.606,-0.36382,-1.0001,-0.5526,-1.2963,0.083261,1.1218,0.88972,4.8505,-4.6493,-4.2965,-1.4778,4.1131
-6.1162,-0.46916,1.3002,0.77695,0.50123,0.10696,1.6918,-0.84625,-0.64247,0.10798,-1.207,-1.8198,-1.4905,1.5469,-2.4224,1.1548,1.1157,-1.7189,0.25761,-2.6942,0.13149
-2.136,0.59653,-0.28201,0.37265,0.20284,2.0617,-0.74532,-1.4905,-0.88367,0.22233,-0.78305,1.3179,0.1054,1.789,0.35132,1.4297,-1.2165,2.4529,1.5029,3.0768,-0.70578
4.4758,0.83609,0.24248,0.65408,0.81738,2.1461,0.94958,1.7656,1.1312,1.8305,-1.6832,-1.5505,-1.5738,-1.5348,-1.1961,0.1379,-4.7347,4.4281,1.1547,-0.0973,-4.0841
-9.6561,0.30449,-0.27355,-0.017981,-1.7169,-0.19449,-2.0362,-1.2074,0.80091,-1.679,0.27095,-1.2004,-1.236,-1.2046,0.79269,-0.21155,-1.1016,3.0273,3.1387,3.7383,-2.2632
1.3092,1.1553,0.018418,-0.76411,-1.5481,-0.25271,0.75404,0.93099,-0.2566,-0.54407,0.49604,-0.76257,0.065049,-2.5668,-0.15849,-0.67607,-0.47441,-2.5917,-2.6443,-3.6991,3.8665
-4.8882,-1.5715,-1.5374,-0.63058,0.39102,0.8251,1.0479,-0.92047,0.65211,0.10374,0.65594,-1.8239,0.92158,-0.84985,1.795,1.4389,4.31,-2.6708,1.1818,-0.010419,-2.5406
-0.93505,1.6365,2.5413,-0.12316,-0.5225,-0.98763,-0.94823,0.054377,-0.66658,-0.74652,-0.6126,-0.90978,0.7518,1.4533,-1.429,-0.31202,-2.215,-3.0966,-1.9717,2.7661,1.2119
-3.8247,0.55483,-0.42599,-0.76338,-1.2955,-0.22789,-1.1998,-0.55888,0.1658,-0.35431,-1.8512,0.90775,-1.4144,-0.20488,-0.29949,-1.4255,1.1478,3.825,-4.1123,4.8121,-0.049926
-6.7865,-0.58543,-1.3051,-1.4314,-0.46399,-1.1543,0.33257,-0.63943,-0.28189,0.97451,0.8496,-1.4779,-1.3682,-0.18594,-0.7119,-0.26584,1.6517,-2.6214,-1.9474,1.7338,-4.0563
3.5264,-0.51044,-0.60764,1.0923,0.56174,0.47098,-0.08614,-0.31101,-0.91271,-1.221,-0.97948,0.33348,0.14696,-0.45135,-1.1939,-0.40631,-3.1404,2.5818,-4.2864,-3.17,3.9937
5.2171,0.4927,-1.882,0.97465,-0.49254,-0.23418,0.28333,0.7012,-0.14445,2.1806,0.75151,-0.9449,-0.71787,0.6104,0.68057,-0.71318,0.057633,-2.3895,4.5857,2.5977,-4.3223
6.022,-0.65083,0.38912,-0.54874,1.829,0.19478,-0.62427,1.3428,-1.4417,0.39392,2.3786,2.3508,0.55535,0.18745,0.29915,1.0864,2.865,-4.6692,2.2717,-4.2536,1.807
10.696,0.92687,0.027765,0.66093,1.0127,1.281,-0.74083,-0.41738,1.8861,-0.0027562,-1.8063,1.96,-0.92612,-0.91791,1.685,-0.68448,-4.0342,2.3345,-3.9854,2.6277,4.72
1.6325,-0.18812,0.014656,-0.27472,2.6059,0.48892,-2.778,1.0404,1.4249,-0.076656,-0.66378,-0.037267,-0.13145,-0.14811,-1.2919,1.703,1.0604,2.262,2.8627,3.2782,2.0937
-3.6112,0.32083,1.4767,1.5417,0.4104,-0.19633,-1.747,-1.5794,-0.53298,0.27142,0.35546,0.24393,0.42994,-0.47989,-2.0099,0.61116,-4.7394,-4.1104,-1.4784,0.5921,-1.7409
3.6667,1.4203,0.2532,0.45062,-0.35049,-0.69716,0.54275,-3.031,-0.047666,-0.94183,0.71291,0.11476,1.4154,0.79162,-0.033726,-3.4916,-4.9295,-1.733,4.1144,-0.072792,-4.2656
3.1716,-1.19,0.65349,0.36228,0.61401,0.95634,-1.5786,-0.091776,0.97685,-0.71265,-0.84154,-1.524,-0.49153,-0.85337,1.3164,1.0039,-4.4047,4.4837,-0.045026,4.3653,0.79737
-5.9007,-0.92844,-0.16508,-0.81058,-0.75327,-1.8828,0.076992,1.2173,-1.0764,0.54366,0.53741,-0.26631,2.0473,-1.6291,-1.8903,-0.77961,-0.186,-3.3705,3.7269,-4.999,2.3352
3.2134,1.3096,0.53632,0.15697,-0.39564,1.192,-1.1292,-0.58759,0.40252,2.3894,0.23071,0.70957,-0.24966,0.65077,-1.1829,0.75378,4.257,-4.1333,-2.7947,-4.9043,-1.4115
-4.0467,0.11535,-0.55925,0.47419,0.06061,0.28299,1.1142,0.74545,-0.28653,0.071629,2.116,0.043961,-2.2934,-0.40103,-1.6189,-1.8938,-0.94443,0.94604,-1.3281,-2.4805,1.5375
0.18451,2.8281,-0.43161,-0.59352,0.38604,1.2783,0.21578,-1.1684,-0.18821,0.38347,1.0134,2.3468,-0.10178,2.3891,0.29509,-0.57301,-4.2497,4.3099,-1.3316,0.056765,0.66591
10.828,0.2741,-1.8708,1.7774,1.9941,0.25534,1.688,-1.0572,1.0078,0.063658,-0.59668,0.63093,2.2377,0.080984,0.39351,0.76735,3.6135,-3.6622,-4.0287,0.40417,-4.6589
-1.6822,0.11569,-0.47318,1.9001,-1.4861,-0.86748,0.15417,0.068958,-0.146,-1.2341,-1.591,1.5331,-2.4199,1.7328,-0.018873,0.72295,0.19298,0.13012,-1.6899,-1.2871,4.2069
-9.4149,-1.0704,-1.1951,-0.73,0.91031,-0.64549,0.1795,0.53187,-0.26709,0.27886,0.31066,-0.72084,-1.0223,1.1796,-2.3082,-1.3516,-1.8106,1.84,1.5971,-2.0729,-1.1999
-0.83228,-0.7097,-0.2947,0.56714,1.6711,0.044413,-0.65551,2.353,3.1763,1.0814,-1.1832,0.31458,0.48016,0.7446,0.48666,-0.78032,4.6303,-3.2817,-0.33457,-2.9763,-1.206
8.4644,-1.5131,0.71194,1.7753,0.29138,2.2575,-0.70855,0.79813,2.943,0.86152,-1.8314,1.5614,-0.28045,-1.1513,-1.7088,-0.8113,4.3826,-4.8874,3.7923,3.0028,3.4636
-5.5479,-1.137,-0.31718,-1.2857,1.3783,-1.4841,-0.13802,-0.0095304,-1.0946,-2.417,0.7887,-1.6554,-0.13337,0.429,-0.62102,-1.2534,-2.3998,3.8768,-2.3033,-1.8408,-0.15722
0.38198,1.2722,1.3456,1.7497,-0.8693,0.044252,-1.6402,-1.2007,-1.937,-0.36682,-1.0587,0.17339,1.7193,-1.1442,1.6749,-0.62981,-2.9861,-4.6477,-1.4518,-0.07532,-0.48931
-0.79427,-1.1441,0.43157,-1.2583,1.4105,-0.2843,-1.8282,0.1329,1.104,0.67298,-0.30213,0.64458,-1.055,0.95499,0.53667,-0.088435,0.88909,-2.4254,-1.7965,3.1129,1.3986
-2.7032,-0.52616,-0.29022,0.98947,-0.64584,1.7395,-0.36279,-0.8637,-0.32983,0.13295,0.45821,-0.46438,-0.74506,2.3264,0.59518,-1.995,3.4252,1.5168,0.51738,1.1236,-2.8823
3.049,1.5782,0.80478,0.27894,1.2637,1.1577,-1.2769,1.2228,0.58623,-0.36448,0.068,0.19901,-0.45394,0.22021,-1.5439,-0.64702,-1.6328,-2.1422,-3.1178,-0.91392,0.28301
-4.3264,0.57864,0.3495,-0.46537,-2.0363,-0.24829,1.069,0.32442,0.40747,1.3261,0.60108,-1.493,-0.92609,-0.83534,-1.8954,0.31477,0.86429,-4.9029,-3.2676,-3.231,1.6857
-4.0134,0.57857,-0.67494,-0.48854,-1.2284,-0.56931,-0.73615,-0.67804,1.0978,-0.42931,0.66925,1.3602,0.055877,0.43798,-0.2105,-1.7052,-3.3776,0.75452,4.3948,-1.0235,0.38777
-0.11548,-1.4228,1.1598,0.66581,2.6872,-2.366,-0.041988,0.83018,-0.62337,0.92712,1.4896,-1.1234,-0.92403,-0.31583,0.87565,-0.11391,-3.0541,-1.9221,-1.2335,-0.14787,2.0876
-0.49506,-0.19039,-0.038383,0.41811,0.41492,-1.1828,-1.4087,-0.35034,1.4774,0.78731,0.20883,-0.059181,2.6499,-0.080135,-1.739,0.17545,2.6134,-3.4849,0.87098,4.9058,0.98536
-0.80564,0.18602,-0.49773,1.4626,-0.3262,-0.46397,0.38937,0.8857,-0.62956,-0.64358,0.874,-0.29708,-0.6869,-0.85734,-0.23106,-1.3784,-3.499,4.7128,-4.4485,-2.158,3.4141
-0.19402,1.484,-0.16546,0.33525,-0.9225,0.15884,1.5459,1.58,-1.3221,0.75622,1.296,-0.78557,1.6559,0.87804,-0.73267,-1.3922,-2.3409,-3.3503,-3.5914,-3.3436,3.7917
6.0988,-0.67947,0.25528,2.403,0.2959,0.96523,-0.3596,-2.5675,0.1483,0.023834,0.351,-0.17763,0.072405,-0.090205,1.6193,-0.89093,1.8949,2.2724,-4.0364,-2.7942,-4.0216
2.4067,-0.53006,-0.51403,0.39367,-1.7095,-0.84776,-2.4204,0.023139,0.025837,-0.62467,1.1951,-1.3782,1.715,0.35692,0.60347,-1.2592,-4.8491,3.9072,3.1212,-2.8853,-2.4141
6.4763,-0.85949,1.0498,-1.4665,-0.56575,2.336,-0.57996,-1.0802,1.929,0.90652,-0.58061,0.082109,-2.9978,0.7246,0.80259,-0.31862,-4.6781,3.5872,-3.9685,-4.2395,-4.4534
-4.8147,1.3064,-0.29701,-0.12605,-0.85119,0.56246,0.43112,0.64819,0.89881,0.050645,-0.094266,-0.43727,-0.25267,0.087904,0.67887,-1.2367,-2.1247,-3.1574,0.16316,-1.3509,-2.7111
3.2969,-0.08633,0.20754,-0.76337,0.48824,1.4653,-0.55245,-1.2777,-0.078779,-0.38802,-1.7816,0.4352,0.0052918,-0.57892,0.49295,0.23245,-1.6338,-2.6319,-3.4442,-2.1527,2.2092
3.3373,-2.1504,-0.016294,2.1211,0.50928,3.1142,0.34293,0.63659,-1.245,-0.27799,2.122,-0.91,-0.9429,0.88722,1.1943,1.4603,-1.3778,-4.8164,-2.2118,3.8759,-4.2145
4.2277,0.025232,0.8854,-0.41657,0.46683,-0.20556,1.9634,-1.2098,0.27444,0.50902,0.17119,-1.8147,-0.20979,1.3728,-0.042032,1.1256,3.0719,4.3141,3.826,2.8026,-3.4488
6.5905,-1.1356,1.7003,2.2642,1.5519,0.032179,-0.56898,1.3747,-0.26597,2.6535,0.092016,-0.81148,-2.7253,-0.70763,-0.79055,0.48723,-4.6402,3.8712,1.3159,-3.9094,2.7077
-1.7069,0.71495,-1.692,0.082321,0.57497,0.077148,-0.44486,-0.10799,0.60635,0.18376,-0.44287,1.8579,0.61849,1.272,0.25358,0.12684,-1.416,0.95466,4.6366,3.505,-0.55675
-3.9835,-0.61684,0.1871,-0.52001,0.30547,-0.4922,-2.1545,0.29942,0.050343,1.0824,1.078,-1.1118,2.8626,-0.30082,1.2841,-0.20925,1.3828,-3.9063,0.99714,-3.904,-2.0988
5.0909,-0.95546,1.2994,-1.1807,-0.27161,-0.99945,0.21838,-0.70724,0.707,-0.3887,-1.6637,-0.49069,-1.9169,-0.20506,-0.67994,1.4251,-3.57,-3.2646,-4.9048,2.2021,1.4398
4.2971,0.13556,-0.17734,-0.63362,1.6369,-0.4585,-1.3569,-0.6395,-0.77258,0.032556,-0.67423,-0.63772,0.65671,1.1248,0.82045,-0.82815,3.5774,0.7696,-0.84359,0.72824,3.8694
-1.6988,0.63797,1.2669,-2.1519,-0.91833,0.79295,-1.4632,1.447,-0.70861,0.97338,-2.6448,-2.4018,1.0992,0.16319,0.29213,-0.48979,1.4556,-2.4834,-4.7756,-4.1319,-4.6239
2.5595,-0.36698,-0.64295,0.40217,1.7477,0.56006,-1.5556,1.8993,0.33528,1.7252,-0.82144,-0.50407,-0.86407,-1.1374,0.067908,0.3725,-3.8471,-1.9983,-1.8602,4.0533,1.9309
-0.84477,1.0614,0.58898,-0.19504,-0.48381,0.78368,-0.83972,-0.50547,0.40254,-0.65623,-0.0041667,-0.7734,0.065874,0.4324,-0.36268,0.023907,-2.919,-3.2901,-0.18375,3.7457,1.6855
3.7306,0.056378,0.49173,2.2308,0.14041,0.086632,-0.71536,1.6605,-0.37907,0.98402,-0.12594,1.0182,-0.73097,0.88725,0.59928,0.76942,2.455,-3.1041,0.75459,3.4385,3.6801
-5.2723,0.085413,-0.31779,2.3999,0.59412,-0.92005,-0.67531,0.21091,1.3531,2.3519,-0.78189,-2.1146,0.65964,0.33853,-0.16683,1.316,-0.96593,-0.36579,-2.6135,-1.3043,-3.0363
-4.5784,1.836,-1.0803,-0.6924,-0.66745,0.20304,3.0717,-1.37,1.7677,-0.13502,0.28017,0.97416,-0.99464,1.5206,1.482,-1.4284,-0.1553,0.09874,0.58287,-2.7705,2.1279
-7.9196,0.67536,-0.23669,-0.16223,-1.3845,-0.36707,0.54896,-0.25166,0.13193,-0.95467,-1.4194,2.2371,-0.28311,2.1217,0.12118,0.47066,3.8746,0.1158,-1.0508,4.9711,-3.961
-3.1607,-1.5458,1.0375,-0.057558,0.028276,-0.58046,-0.13174,-1.5947,-0.33077,0.39701,-0.21787,-1.3232,1.4869,0.69251,-0.87638,1.0721,-3.6256,4.9714,0.065822,3.1734,-4.4337
2.4222,0.35363,-0.50567,0.17405,0.66131,0.78282,-2.6303,0.59872,-0.19102,-1.6091,-1.1099,-1.7082,-0.095929,-1.8991,-2.3158,-1.5768,4.6437,-3.704,-3.0403,-4.5787,1.808
-0.35956,-0.09244,1.1492,0.44486,1.074,-0.22953,-3.4357,-0.84966,-0.68272,1.6638,0.46259,-0.015595,0.32982,-0.2366,0.69161,2.6908,-4.5737,2.5617,-3.4325,-1.2672,-4.7737
-3.3961,0.63839,-1.6583,-0.042691,-0.25585,-0.14088,1.8154,-1.2959,1.2313,-0.38644,-1.5016,0.23797,0.97143,0.0084028,-0.88325,-0.2973,-4.0056,2.9376,2.5452,3.1219,-4.557
-2.1452,-0.86296,-0.65855,-0.19824,1.4058,1.0299,-0.62078,0.6141,-1.2285,-2.5631,-0.97323,0.40612,0.80443,0.39566,-0.49942,0.40935,-2.7676,0.84883,-1.7003,0.28385,-4.6305
-1.9404,-0.88645,-1.1747,-0.36731,-0.047369,0.74853,-1.0558,1.2315,-1.0548,-0.8271,0.12493,-0.12377,2.3711,0.6992,0.63761,0.80916,3.0659,-0.37262,1.442,-2.5287,-0.34589
-6.6865,-1.2232,0.40598,1.4658,0.4734,-1.1979,-1.1346,-0.24101,0.046802,-0.14078,0.084084,0.1324,2.4421,0.46804,1.5613,0.68381,-0.44127,3.9343,0.65456,2.9289,2.5787
-2.6088,-0.18564,0.56116,-1.7868,0.19393,-1.2189,0.83388,-0.071186,-0.18738,-1.9213,-0.5714,0.16757,-0.86612,0.96205,-1.3068,-1.5794,1.5325,3.2818,3.9953,-2.3825,4.922
2.0135,-1.7205,0.76368,1.0935,-1.8764,-0.76212,-0.41797,-2.1964,-2.0003,-1.1651,0.29339,1.3612,-0.15567,0.23987,-2.8121,0.97546,-3.2568,-4.4971,3.8068,-4.996,-2.7339
